流水號,班級編號,節次,科目代碼,科目名稱,教師id,教師姓名
316175,125,26,20,公民,232,謝耀瑩
316271,127,46,20,公民,232,謝耀瑩
316403,131,12,20,公民,232,謝耀瑩
316749,207,44,20,公民,232,謝耀瑩
317072,215,47,20,公民,232,謝耀瑩
317206,219,15,20,公民,232,謝耀瑩
317477,225,54,20,公民,232,謝耀瑩
317531,227,22,20,公民,232,謝耀瑩
317624,229,37,20,公民,232,謝耀瑩
317650,230,21,20,公民,232,謝耀瑩
317876,235,53,20,公民,232,謝耀瑩
317924,237,13,20,公民,232,謝耀瑩
316551,202,46,20,公民,281,鄭光博
316852,210,23,20,公民,281,鄭光博
316882,211,11,20,公民,281,鄭光博
317109,216,44,20,公民,281,鄭光博
317197,218,54,20,公民,281,鄭光博
315219,101,32,34,週會,0,0
317386,223,41,20,公民,281,鄭光博
317405,224,14,20,公民,281,鄭光博
317815,234,26,20,公民,281,鄭光博
318267,308,42,20,公民,281,鄭光博
318376,311,27,20,公民,281,鄭光博
318784,321,37,20,公民,281,鄭光博
319072,328,47,20,公民,281,鄭光博
319142,330,35,20,公民,281,鄭光博
316504,201,37,20,公民,278,賀欣音
316635,204,52,20,公民,278,賀欣音
317000,213,57,20,公民,278,賀欣音
317151,217,46,20,公民,278,賀欣音
317348,222,43,20,公民,278,賀欣音
317583,228,36,20,公民,278,賀欣音
317747,232,42,20,公民,278,賀欣音
317896,236,27,20,公民,278,賀欣音
318078,303,55,20,公民,278,賀欣音
318102,304,35,20,公民,278,賀欣音
318172,306,23,20,公民,278,賀欣音
318454,313,25,20,公民,278,賀欣音
318575,316,26,20,公民,278,賀欣音
316588,203,43,20,公民,197,陳慕凡
316679,205,56,20,公民,197,陳慕凡
316718,206,55,20,公民,197,陳慕凡
316776,208,27,20,公民,197,陳慕凡
316822,209,35,20,公民,197,陳慕凡
316952,212,47,20,公民,197,陳慕凡
317031,214,46,20,公民,197,陳慕凡
317264,220,37,20,公民,197,陳慕凡
317309,221,44,20,公民,197,陳慕凡
317482,226,11,20,公民,197,陳慕凡
317683,231,12,20,公民,197,陳慕凡
317795,233,52,20,公民,197,陳慕凡
318213,307,24,20,公民,161,陳威年
318354,310,51,20,公民,161,陳威年
318432,312,47,20,公民,161,陳威年
318516,314,53,20,公民,161,陳威年
319038,327,55,20,公民,161,陳威年
319215,332,26,20,公民,161,陳威年
315259,102,32,34,週會,0,0
318004,302,13,20,公民,146,梁景美
318525,315,14,20,公民,146,梁景美
318613,317,24,20,公民,146,梁景美
318862,323,35,20,公民,146,梁景美
319320,334,57,20,公民,146,梁景美
315227,101,42,20,公民,279,施錦治
315306,103,41,20,公民,279,施錦治
315349,104,44,20,公民,279,施錦治
315397,105,54,20,公民,279,施錦治
315414,106,25,20,公民,279,施錦治
315476,107,53,20,公民,279,施錦治
315482,108,11,20,公民,279,施錦治
315571,110,22,20,公民,279,施錦治
315770,115,21,20,公民,279,施錦治
316365,130,14,20,公民,279,施錦治
318136,305,27,20,公民,279,施錦治
318319,309,56,20,公民,279,施錦治
318943,325,36,20,公民,279,施錦治
319000,326,57,20,公民,279,施錦治
315264,102,37,20,公民,280,邱楚雯
315559,109,56,20,公民,280,邱楚雯
315606,111,15,20,公民,280,邱楚雯
315670,112,45,20,公民,280,邱楚雯
315702,113,35,20,公民,280,邱楚雯
315758,114,55,20,公民,280,邱楚雯
315920,118,57,20,公民,280,邱楚雯
316295,128,26,20,公民,280,邱楚雯
318651,318,22,20,公民,280,邱楚雯
318693,319,24,20,公民,280,邱楚雯
318911,324,46,20,公民,280,邱楚雯
319116,329,53,20,公民,280,邱楚雯
319349,335,44,20,公民,280,邱楚雯
315832,116,47,20,公民,355,吳苑妮
315955,119,52,20,公民,355,吳苑妮
315996,120,53,20,公民,355,吳苑妮
316037,121,54,20,公民,355,吳苑妮
316067,122,42,20,公民,355,吳苑妮
316110,123,45,20,公民,355,吳苑妮
316148,124,43,20,公民,355,吳苑妮
315299,103,32,34,週會,0,0
316349,129,44,20,公民,355,吳苑妮
316471,132,46,20,公民,355,吳苑妮
315850,117,21,20,公民,218,方怡文
316204,126,13,20,公民,218,方怡文
317984,301,37,20,公民,218,方怡文
318749,320,44,20,公民,218,方怡文
318812,322,23,20,公民,218,方怡文
319183,331,36,20,公民,218,方怡文
319256,333,27,20,公民,218,方怡文
315726,114,15,4,文翼復興,224,鍾曜丞
316114,123,51,4,文翼復興,224,鍾曜丞
316963,213,12,4,文翼復興,238,謝錦珠
316815,209,26,4,文翼復興,173,鄭川維
317748,232,43,4,文翼復興,173,鄭川維
315453,107,24,4,文翼復興,347,溫珮辰
317108,216,43,4,文翼復興,347,溫珮辰
317132,217,23,4,文翼復興,347,溫珮辰
317248,220,17,4,文翼復興,347,溫珮辰
317347,222,42,4,文翼復興,347,溫珮辰
317414,224,25,4,文翼復興,347,溫珮辰
317590,228,45,4,文翼復興,347,溫珮辰
317636,229,53,4,文翼復興,347,溫珮辰
317720,231,57,4,文翼復興,347,溫珮辰
317762,233,11,4,文翼復興,347,溫珮辰
317820,234,33,4,文翼復興,347,溫珮辰
316930,212,21,4,文翼復興,243,楊穎婷
317389,223,44,4,文翼復興,187,楊明燕
315347,104,42,4,文翼復興,239,黃奕寧
316664,205,37,4,文翼復興,235,黃小宜
317556,227,53,4,文翼復興,235,黃小宜
316149,124,44,4,文翼復興,329,馮意庭
317003,214,12,4,文翼復興,178,曾揚容
317855,235,26,4,文翼復興,178,曾揚容
315810,116,21,4,文翼復興,240,傅怡菁
316620,204,33,4,文翼復興,236,陳儒瑩
316708,206,43,4,文翼復興,236,陳儒瑩
317467,225,42,4,文翼復興,189,陳慧娟
317901,236,34,4,文翼復興,189,陳慧娟
315941,119,34,4,文翼復興,244,陳姿穎
315339,104,32,34,週會,0,0
315504,108,37,4,文翼復興,346,梁銘浩
315575,110,26,4,文翼復興,346,梁銘浩
315711,113,46,4,文翼復興,346,梁銘浩
315878,117,55,4,文翼復興,346,梁銘浩
315912,118,47,4,文翼復興,346,梁銘浩
315964,120,13,4,文翼復興,346,梁銘浩
316011,121,22,4,文翼復興,346,梁銘浩
316187,125,42,4,文翼復興,346,梁銘浩
316214,126,25,4,文翼復興,346,梁銘浩
316319,128,56,4,文翼復興,346,梁銘浩
316400,130,57,4,文翼復興,346,梁銘浩
316407,131,16,4,文翼復興,346,梁銘浩
316456,132,27,4,文翼復興,346,梁銘浩
317310,221,45,4,文翼復興,346,梁銘浩
317668,230,43,4,文翼復興,346,梁銘浩
317926,237,15,4,文翼復興,346,梁銘浩
315244,102,13,4,文翼復興,206,高榛澧
315392,105,47,4,文翼復興,206,高榛澧
316584,203,37,4,文翼復興,182,留一心
317162,218,11,4,文翼復興,182,留一心
316549,202,44,4,文翼復興,171,姜佩君
316725,207,14,4,文翼復興,171,姜佩君
317055,215,26,4,文翼復興,328,姚杏諺
316790,208,45,4,文翼復興,237,林倖微
315790,115,45,4,文翼復興,228,林虹均
316264,127,37,4,文翼復興,228,林虹均
316912,211,47,4,文翼復興,242,林金桃
315314,103,51,4,文翼復興,330,李嘉偉
315525,109,14,4,文翼復興,330,李嘉偉
315624,111,37,4,文翼復興,330,李嘉偉
315656,112,27,4,文翼復興,330,李嘉偉
316043,122,12,4,文翼復興,330,李嘉偉
316862,210,35,4,文翼復興,330,李嘉偉
317506,226,41,4,文翼復興,234,李玉薇
315427,106,42,4,文翼復興,241,吳淑華
316511,201,46,4,文翼復興,183,何麗香
317232,219,47,4,文翼復興,183,何麗香
315203,101,12,4,文翼復興,230,王秀如
316346,129,41,4,文翼復興,230,王秀如
315379,105,32,34,週會,0,0
315279,102,56,9,本土語,217,賴進興
315320,103,57,9,本土語,217,賴進興
315603,111,12,9,本土語,217,賴進興
315660,112,33,9,本土語,217,賴進興
315827,116,42,9,本土語,217,賴進興
315988,120,43,9,本土語,217,賴進興
316344,129,37,9,本土語,217,賴進興
316383,130,36,9,本土語,217,賴進興
316982,213,35,9,本土語,217,賴進興
317211,219,22,9,本土語,217,賴進興
317246,220,15,9,本土語,217,賴進興
317282,221,11,9,本土語,217,賴進興
317591,228,46,9,本土語,217,賴進興
317893,236,24,9,本土語,217,賴進興
317935,237,26,9,本土語,217,賴進興
316486,201,15,9,本土語,186,楊淨妃
316598,203,55,9,本土語,186,楊淨妃
316610,204,21,9,本土語,186,楊淨妃
316709,206,44,9,本土語,186,楊淨妃
316742,207,35,9,本土語,186,楊淨妃
316867,210,42,9,本土語,186,楊淨妃
316895,211,26,9,本土語,186,楊淨妃
317354,222,51,9,本土語,186,楊淨妃
317416,224,27,9,本土語,186,楊淨妃
317471,225,46,9,本土語,186,楊淨妃
317488,226,17,9,本土語,186,楊淨妃
317604,229,13,9,本土語,186,楊淨妃
317839,234,56,9,本土語,186,楊淨妃
317859,235,32,9,本土語,186,楊淨妃
316771,208,22,9,本土語,187,楊明燕
317375,223,26,9,本土語,187,楊明燕
317662,230,35,9,本土語,187,楊明燕
317751,232,46,9,本土語,187,楊明燕
317774,233,25,9,本土語,187,楊明燕
315215,101,26,9,本土語,351,張芳怜
315324,104,13,9,本土語,351,張芳怜
315370,105,21,9,本土語,351,張芳怜
315452,107,23,9,本土語,351,張芳怜
315534,109,25,9,本土語,351,張芳怜
315419,106,32,34,週會,0,0
315685,113,14,9,本土語,351,張芳怜
315773,115,24,9,本土語,351,張芳怜
315851,117,22,9,本土語,351,張芳怜
315883,118,12,9,本土語,351,張芳怜
316007,121,16,9,本土語,351,張芳怜
316042,122,11,9,本土語,351,張芳怜
316166,125,15,9,本土語,351,張芳怜
316296,128,27,9,本土語,351,張芳怜
316528,202,17,9,本土語,351,張芳怜
315410,106,21,9,本土語,255,涂至彧
315483,108,12,9,本土語,255,涂至彧
315566,110,15,9,本土語,255,涂至彧
315731,114,22,9,本土語,255,涂至彧
315951,119,46,9,本土語,255,涂至彧
316103,123,36,9,本土語,255,涂至彧
316144,124,37,9,本土語,255,涂至彧
316232,126,47,9,本土語,255,涂至彧
316256,127,27,9,本土語,255,涂至彧
316421,131,34,9,本土語,255,涂至彧
316460,132,33,9,本土語,255,涂至彧
316655,205,26,9,本土語,255,涂至彧
316826,209,41,9,本土語,255,涂至彧
316922,212,11,9,本土語,255,涂至彧
317038,214,55,9,本土語,255,涂至彧
317052,215,23,9,本土語,255,涂至彧
317084,216,13,9,本土語,255,涂至彧
317150,217,45,9,本土語,255,涂至彧
317173,218,24,9,本土語,255,涂至彧
317549,227,44,9,本土語,255,涂至彧
317707,231,42,9,本土語,255,涂至彧
315326,104,15,12,生物,267,蔡佳雯
315333,104,24,12,生物,267,蔡佳雯
315350,104,45,12,生物,267,蔡佳雯
315690,113,21,12,生物,267,蔡佳雯
315712,113,47,12,生物,267,蔡佳雯
315715,113,52,12,生物,267,蔡佳雯
315802,116,11,12,生物,267,蔡佳雯
315821,116,34,12,生物,267,蔡佳雯
315836,116,53,12,生物,267,蔡佳雯
315459,107,32,34,週會,0,0
315847,117,16,12,生物,267,蔡佳雯
315868,117,43,12,生物,267,蔡佳雯
315879,117,56,12,生物,267,蔡佳雯
315925,119,14,12,生物,267,蔡佳雯
315936,119,27,12,生物,267,蔡佳雯
315954,119,51,12,生物,267,蔡佳雯
316052,122,23,12,生物,267,蔡佳雯
316060,122,33,12,生物,267,蔡佳雯
316069,122,44,12,生物,267,蔡佳雯
316170,125,21,12,生物,190,劉慧芬
316180,125,33,12,生物,190,劉慧芬
316192,125,47,12,生物,190,劉慧芬
316207,126,16,12,生物,190,劉慧芬
316221,126,34,12,生物,190,劉慧芬
316228,126,43,12,生物,190,劉慧芬
316245,127,14,12,生物,190,劉慧芬
316255,127,26,12,生物,190,劉慧芬
316266,127,41,12,生物,190,劉慧芬
316291,128,22,12,生物,190,劉慧芬
316309,128,44,12,生物,190,劉慧芬
316318,128,55,12,生物,190,劉慧芬
315204,101,13,12,生物,266,詹婷婷
315212,101,23,12,生物,266,詹婷婷
315231,101,46,12,生物,266,詹婷婷
315375,105,26,12,生物,266,詹婷婷
315388,105,43,12,生物,266,詹婷婷
315399,105,56,12,生物,266,詹婷婷
315413,106,24,12,生物,266,詹婷婷
315432,106,47,12,生物,266,詹婷婷
315437,106,54,12,生物,266,詹婷婷
315765,115,14,12,生物,266,詹婷婷
315786,115,41,12,生物,266,詹婷婷
315794,115,51,12,生物,266,詹婷婷
315886,118,15,12,生物,266,詹婷婷
315901,118,34,12,生物,266,詹婷婷
315915,118,52,12,生物,266,詹婷婷
315970,120,21,12,生物,266,詹婷婷
315989,120,44,12,生物,266,詹婷婷
315998,120,55,12,生物,266,詹婷婷
315499,108,32,34,週會,0,0
315282,103,11,12,生物,100,陳俊宏
315291,103,22,12,生物,100,陳俊宏
315311,103,46,12,生物,100,陳俊宏
316331,129,22,12,生物,119,許浩瑩
316352,129,47,12,生物,119,許浩瑩
316360,129,57,12,生物,119,許浩瑩
316367,130,16,12,生物,119,許浩瑩
316386,130,41,12,生物,119,許浩瑩
316395,130,52,12,生物,119,許浩瑩
316405,131,14,12,生物,119,許浩瑩
316429,131,44,12,生物,119,許浩瑩
316437,131,54,12,生物,119,許浩瑩
316453,132,24,12,生物,119,許浩瑩
316470,132,45,12,生物,119,許浩瑩
316478,132,55,12,生物,119,許浩瑩
315245,102,14,12,生物,264,林晉源
315252,102,23,12,生物,264,林晉源
315260,102,33,12,生物,264,林晉源
315723,114,12,12,生物,264,林晉源
315733,114,24,12,生物,264,林晉源
315752,114,47,12,生物,264,林晉源
316021,121,34,12,生物,264,林晉源
316029,121,44,12,生物,264,林晉源
316035,121,52,12,生物,264,林晉源
316087,123,16,12,生物,264,林晉源
316096,123,27,12,生物,264,林晉源
316116,123,53,12,生物,264,林晉源
316124,124,13,12,生物,264,林晉源
316147,124,42,12,生物,264,林晉源
316158,124,55,12,生物,264,林晉源
315442,107,11,12,生物,265,王淑娟
315470,107,45,12,生物,265,王淑娟
315477,107,54,12,生物,265,王淑娟
315487,108,16,12,生物,265,王淑娟
315496,108,27,12,生物,265,王淑娟
315507,108,42,12,生物,265,王淑娟
315526,109,15,12,生物,265,王淑娟
315552,109,47,12,生物,265,王淑娟
315556,109,53,12,生物,265,王淑娟
315539,109,32,34,週會,0,0
315563,110,12,12,生物,265,王淑娟
315573,110,24,12,生物,265,王淑娟
315599,110,56,12,生物,265,王淑娟
315615,111,26,12,生物,265,王淑娟
315620,111,33,12,生物,265,王淑娟
315640,111,57,12,生物,265,王淑娟
315650,112,21,12,生物,265,王淑娟
315668,112,43,12,生物,265,王淑娟
315675,112,52,12,生物,265,王淑娟
318825,322,38,13,生物輔導,354,戴熒霞
318353,310,48,13,生物輔導,267,蔡佳雯
318465,313,38,13,生物輔導,267,蔡佳雯
318657,318,28,13,生物輔導,267,蔡佳雯
318769,321,18,13,生物輔導,267,蔡佳雯
318881,323,58,13,生物輔導,267,蔡佳雯
318217,307,28,13,生物輔導,190,劉慧芬
318625,317,38,13,生物輔導,190,劉慧芬
318889,324,18,13,生物輔導,190,劉慧芬
319281,333,58,13,生物輔導,190,劉慧芬
318489,314,18,13,生物輔導,266,詹婷婷
318577,316,28,13,生物輔導,266,詹婷婷
319073,328,48,13,生物輔導,266,詹婷婷
319161,330,58,13,生物輔導,266,詹婷婷
319345,335,38,13,生物輔導,266,詹婷婷
317985,301,38,13,生物輔導,100,陳俊宏
318009,302,18,13,生物輔導,100,陳俊宏
318057,303,28,13,生物輔導,100,陳俊宏
318201,306,58,13,生物輔導,100,陳俊宏
319033,327,48,13,生物輔導,100,陳俊宏
318721,319,58,13,生物輔導,119,許浩瑩
318737,320,28,13,生物輔導,119,許浩瑩
318969,326,18,13,生物輔導,119,許浩瑩
319193,331,48,13,生物輔導,119,許浩瑩
319305,334,38,13,生物輔導,119,許浩瑩
318281,308,58,13,生物輔導,264,林晉源
318289,309,18,13,生物輔導,264,林晉源
318393,311,48,13,生物輔導,264,林晉源
318545,315,38,13,生物輔導,264,林晉源
318937,325,28,13,生物輔導,264,林晉源
315579,110,32,34,週會,0,0
318113,304,48,13,生物輔導,265,王淑娟
318145,305,38,13,生物輔導,265,王淑娟
318417,312,28,13,生物輔導,265,王淑娟
319121,329,58,13,生物輔導,265,王淑娟
319209,332,18,13,生物輔導,265,王淑娟
316493,201,24,31,生活科技,314,蘇義傑
316685,206,14,31,生活科技,314,蘇義傑
316940,212,33,31,生活科技,314,蘇義傑
316998,213,55,31,生活科技,314,蘇義傑
317352,222,47,31,生活科技,314,蘇義傑
317492,226,23,31,生活科技,314,蘇義傑
317539,227,32,31,生活科技,314,蘇義傑
317827,234,42,31,生活科技,314,蘇義傑
317850,235,21,31,生活科技,314,蘇義傑
318079,303,56,31,生活科技,314,蘇義傑
318243,308,12,31,生活科技,314,蘇義傑
318421,312,34,31,生活科技,314,蘇義傑
318508,314,43,31,生活科技,314,蘇義傑
318591,316,46,31,生活科技,314,蘇義傑
318715,319,52,31,生活科技,314,蘇義傑
318884,324,13,31,生活科技,314,蘇義傑
318997,326,54,31,生活科技,314,蘇義傑
319024,327,37,31,生活科技,314,蘇義傑
319102,329,35,31,生活科技,314,蘇義傑
319150,330,45,31,生活科技,314,蘇義傑
319276,333,53,31,生活科技,314,蘇義傑
315677,112,54,31,生活科技,316,薛雅庭
315760,114,57,31,生活科技,316,薛雅庭
315772,115,23,31,生活科技,316,薛雅庭
315838,116,55,31,生活科技,316,薛雅庭
315866,117,41,31,生活科技,316,薛雅庭
315891,118,22,31,生活科技,316,薛雅庭
315943,119,36,31,生活科技,316,薛雅庭
316311,128,46,31,生活科技,316,薛雅庭
316627,204,42,31,生活科技,316,薛雅庭
316722,207,11,31,生活科技,316,薛雅庭
316781,208,34,31,生活科技,316,薛雅庭
316835,209,52,31,生活科技,316,薛雅庭
317010,214,21,31,生活科技,316,薛雅庭
315619,111,32,34,週會,0,0
317123,217,12,31,生活科技,316,薛雅庭
317188,218,43,31,生活科技,316,薛雅庭
317365,223,14,31,生活科技,316,薛雅庭
317424,224,37,31,生活科技,316,薛雅庭
317914,236,51,31,生活科技,316,薛雅庭
315205,101,14,31,生活科技,226,許雅婷
315303,103,36,31,生活科技,226,許雅婷
315346,104,41,31,生活科技,226,許雅婷
315691,113,22,31,生活科技,226,許雅婷
316115,123,52,31,生活科技,226,許雅婷
316157,124,54,31,生活科技,226,許雅婷
316198,125,55,31,生活科技,226,許雅婷
316222,126,35,31,生活科技,226,許雅婷
316269,127,44,31,生活科技,226,許雅婷
316333,129,24,31,生活科技,226,許雅婷
316391,130,46,31,生活科技,226,許雅婷
316428,131,43,31,生活科技,226,許雅婷
316476,132,53,31,生活科技,226,許雅婷
315267,102,42,31,生活科技,313,林秋吟
315390,105,45,31,生活科技,313,林秋吟
315421,106,34,31,生活科技,313,林秋吟
315450,107,21,31,生活科技,313,林秋吟
315514,108,51,31,生活科技,313,林秋吟
315548,109,43,31,生活科技,313,林秋吟
315596,110,53,31,生活科技,313,林秋吟
315611,111,22,31,生活科技,313,林秋吟
316000,120,57,31,生活科技,313,林秋吟
316032,121,47,31,生活科技,313,林秋吟
316075,122,52,31,生活科技,313,林秋吟
318005,302,14,31,生活科技,313,林秋吟
318093,304,24,31,生活科技,313,林秋吟
318140,305,33,31,生活科技,313,林秋吟
318399,311,56,31,生活科技,313,林秋吟
318798,321,55,31,生活科技,313,林秋吟
319066,328,41,31,生活科技,313,林秋吟
319182,331,35,31,生活科技,313,林秋吟
319324,335,13,31,生活科技,313,林秋吟
316671,205,46,31,生活科技,107,李闓廷
317629,229,44,31,生活科技,107,李闓廷
315659,112,32,34,週會,0,0
317670,230,45,31,生活科技,107,李闓廷
318339,310,32,31,生活科技,107,李闓廷
318740,320,33,31,生活科技,107,李闓廷
319301,334,34,31,生活科技,107,李闓廷
316542,202,35,31,生活科技,315,王鈴鈞
316590,203,45,31,生活科技,315,王鈴鈞
317050,215,21,31,生活科技,315,王鈴鈞
317114,216,51,31,生活科技,315,王鈴鈞
317231,219,46,31,生活科技,315,王鈴鈞
317315,221,52,31,生活科技,315,王鈴鈞
317472,225,47,31,生活科技,315,王鈴鈞
317572,228,23,31,生活科技,315,王鈴鈞
317703,231,36,31,生活科技,315,王鈴鈞
317758,232,55,31,生活科技,315,王鈴鈞
317784,233,37,31,生活科技,315,王鈴鈞
317947,237,42,31,生活科技,315,王鈴鈞
317971,301,22,31,生活科技,315,王鈴鈞
318202,307,11,31,生活科技,315,王鈴鈞
318308,309,43,31,生活科技,315,王鈴鈞
318459,313,32,31,生活科技,315,王鈴鈞
318533,315,24,31,生活科技,315,王鈴鈞
318636,317,53,31,生活科技,315,王鈴鈞
318826,322,41,31,生活科技,315,王鈴鈞
318880,323,57,31,生活科技,315,王鈴鈞
318923,325,12,31,生活科技,315,王鈴鈞
316877,210,54,31,生活科技,108,王振翰
316909,211,44,31,生活科技,108,王振翰
317279,220,56,31,生活科技,108,王振翰
318194,306,51,31,生活科技,108,王振翰
318666,318,41,31,生活科技,108,王振翰
319211,332,22,31,生活科技,108,王振翰
316565,203,14,17,地理,174,謝佩珊
316676,205,53,17,地理,174,謝佩珊
316710,206,45,17,地理,174,謝佩珊
316754,207,51,17,地理,174,謝佩珊
316844,210,13,17,地理,174,謝佩珊
316891,211,22,17,地理,174,謝佩珊
317024,214,37,17,地理,174,謝佩珊
317142,217,35,17,地理,174,謝佩珊
315699,113,32,34,週會,0,0
317175,218,26,17,地理,174,謝佩珊
317351,222,46,17,地理,174,謝佩珊
317919,236,56,17,地理,174,謝佩珊
317958,237,55,17,地理,174,謝佩珊
316502,201,35,17,地理,168,薛名坊
316612,204,23,17,地理,168,薛名坊
316775,208,26,17,地理,168,薛名坊
316831,209,46,17,地理,168,薛名坊
316936,212,27,17,地理,168,薛名坊
317077,215,54,17,地理,168,薛名坊
317229,219,44,17,地理,168,薛名坊
317400,223,57,17,地理,168,薛名坊
317428,224,43,17,地理,168,薛名坊
317474,225,51,17,地理,168,薛名坊
317515,226,52,17,地理,168,薛名坊
317605,229,14,17,地理,168,薛名坊
315235,101,52,17,地理,275,蔡佳妙
315325,104,14,17,地理,275,蔡佳妙
315431,106,46,17,地理,275,蔡佳妙
315695,113,26,17,地理,275,蔡佳妙
315999,120,56,17,地理,275,蔡佳妙
316317,128,54,17,地理,275,蔡佳妙
318544,315,37,17,地理,275,蔡佳妙
318661,318,34,17,地理,275,蔡佳妙
318736,320,27,17,地理,275,蔡佳妙
318891,324,22,17,地理,275,蔡佳妙
319110,329,45,17,地理,275,蔡佳妙
319253,333,24,17,地理,275,蔡佳妙
316983,213,36,17,地理,272,黃莉玲
317526,227,15,17,地理,272,黃莉玲
317679,230,56,17,地理,272,黃莉玲
317790,233,45,17,地理,272,黃莉玲
317828,234,43,17,地理,272,黃莉玲
317852,235,23,17,地理,272,黃莉玲
318118,304,55,17,地理,272,黃莉玲
318304,309,37,17,地理,272,黃莉玲
318431,312,46,17,地理,272,黃莉玲
318602,317,11,17,地理,272,黃莉玲
318770,321,21,17,地理,272,黃莉玲
315739,114,32,34,週會,0,0
318933,325,24,17,地理,272,黃莉玲
318149,305,44,17,地理,156,陳詩雯
318876,323,53,17,地理,156,陳詩雯
319015,327,26,17,地理,156,陳詩雯
319075,328,52,17,地理,156,陳詩雯
319198,331,55,17,地理,156,陳詩雯
319334,335,25,17,地理,156,陳詩雯
316455,132,26,17,地理,114,郭秋梅
315268,102,43,17,地理,273,張珮琪
315316,103,53,17,地理,273,張珮琪
315782,115,35,17,地理,273,張珮琪
315864,117,37,17,地理,273,張珮琪
315917,118,54,17,地理,273,張珮琪
316323,129,12,17,地理,273,張珮琪
318042,303,11,17,地理,273,張珮琪
318263,308,36,17,地理,273,張珮琪
318336,310,27,17,地理,273,張珮琪
318485,314,14,17,地理,273,張珮琪
318974,326,25,17,地理,273,張珮琪
319293,334,24,17,地理,273,張珮琪
317095,216,26,17,地理,184,姜閔菡
317251,220,22,17,地理,184,姜閔菡
318037,302,54,17,地理,184,姜閔菡
318463,313,36,17,地理,184,姜閔菡
318719,319,56,17,地理,184,姜閔菡
318829,322,44,17,地理,184,姜閔菡
319147,330,42,17,地理,184,姜閔菡
315396,105,53,17,地理,364,林勝祥
315639,111,56,17,地理,364,林勝祥
315722,114,11,17,地理,364,林勝祥
315811,116,22,17,地理,364,林勝祥
315949,119,44,17,地理,364,林勝祥
316066,122,41,17,地理,364,林勝祥
316111,123,46,17,地理,364,林勝祥
316125,124,14,17,地理,364,林勝祥
316190,125,45,17,地理,364,林勝祥
316237,126,54,17,地理,364,林勝祥
316250,127,21,17,地理,364,林勝祥
316388,130,43,17,地理,364,林勝祥
315779,115,32,34,週會,0,0
316432,131,47,17,地理,364,林勝祥
316536,202,27,17,地理,364,林勝祥
317293,221,24,17,地理,364,林勝祥
317564,228,13,17,地理,364,林勝祥
317718,231,55,17,地理,364,林勝祥
317728,232,17,17,地理,364,林勝祥
315443,107,12,17,地理,274,朱雅鈴
315510,108,45,17,地理,274,朱雅鈴
315546,109,41,17,地理,274,朱雅鈴
315597,110,54,17,地理,274,朱雅鈴
315664,112,37,17,地理,274,朱雅鈴
316015,121,26,17,地理,274,朱雅鈴
317976,301,27,17,地理,274,朱雅鈴
318182,306,35,17,地理,274,朱雅鈴
318205,307,14,17,地理,274,朱雅鈴
318395,311,52,17,地理,274,朱雅鈴
318562,316,11,17,地理,274,朱雅鈴
319227,332,42,17,地理,274,朱雅鈴
315528,109,17,32,多元社團,375,賴紅珠
316887,211,16,32,多元社團,375,賴紅珠
318406,312,15,32,多元社團,375,賴紅珠
319286,334,15,32,多元社團,177,鄭喬逢
316767,208,16,32,多元社團,219,蔡青芸
318286,309,15,32,多元社團,219,蔡青芸
319046,328,15,32,多元社團,117,蔡秀綾
315328,104,17,32,多元社團,369,劉建志
316607,204,16,32,多元社團,369,劉建志
318086,304,15,32,多元社團,369,劉建志
319246,333,15,32,多元社團,109,趙甫嘉
315288,103,17,32,多元社團,368,廖逸欣
316567,203,16,32,多元社團,368,廖逸欣
318046,303,15,32,多元社團,368,廖逸欣
316328,129,17,32,多元社團,382,黃耀德
317927,237,16,32,多元社團,382,黃耀德
319326,335,15,32,多元社團,382,黃耀德
315968,120,17,32,多元社團,386,黃圓恩
317447,225,16,32,多元社團,386,黃圓恩
318886,324,15,32,多元社團,386,黃圓恩
317807,234,16,32,多元社團,121,黃雅莉
315819,116,32,34,週會,0,0
315368,105,17,32,多元社團,370,黃滋涵
316647,205,16,32,多元社團,370,黃滋涵
318126,305,15,32,多元社團,370,黃滋涵
315608,111,17,32,多元社團,377,黃莉菁
316967,213,16,32,多元社團,377,黃莉菁
318486,314,15,32,多元社團,377,黃莉菁
315728,114,17,32,多元社團,380,黃貞賢
317167,218,16,32,多元社團,380,黃貞賢
318606,317,15,32,多元社團,380,黃貞賢
316288,128,17,32,多元社團,357,黃冠瑋
317687,231,16,32,多元社團,357,黃冠瑋
319126,330,15,32,多元社團,357,黃冠瑋
316807,209,16,32,多元社團,341,黃育騰
315488,108,17,32,多元社團,374,彭毓珍
316847,210,16,32,多元社團,374,彭毓珍
318366,311,15,32,多元社團,374,彭毓珍
316048,122,17,32,多元社團,371,陳政儒
317527,227,16,32,多元社團,371,陳政儒
318206,307,15,32,多元社團,371,陳政儒
315928,119,17,32,多元社團,385,陳冠華
317407,224,16,32,多元社團,385,陳冠華
318846,323,15,32,多元社團,385,陳冠華
317127,217,16,32,多元社團,101,陳俊豪
315808,116,17,32,多元社團,383,陳佳宏
317847,235,16,32,多元社團,383,陳佳宏
318326,310,15,32,多元社團,383,陳佳宏
316448,132,17,32,多元社團,290,陳友梅
315768,115,17,32,多元社團,381,張廷維
317207,219,16,32,多元社團,381,張廷維
318646,318,15,32,多元社團,381,張廷維
315248,102,17,32,多元社團,367,張佑新
316527,202,16,32,多元社團,367,張佑新
318006,302,15,32,多元社團,367,張佑新
315688,113,17,32,多元社團,379,張永芬
317087,216,16,32,多元社團,379,張永芬
318566,316,15,32,多元社團,379,張永芬
317287,221,16,32,多元社團,350,高靜雯
318726,320,15,32,多元社團,350,高靜雯
315568,110,17,32,多元社團,376,高淇嬅
315859,117,32,34,週會,0,0
316927,212,16,32,多元社團,376,高淇嬅
318446,313,15,32,多元社團,376,高淇嬅
316408,131,17,32,多元社團,289,翁意期
315448,107,17,32,多元社團,373,胡慈恩
316727,207,16,32,多元社團,373,胡慈恩
318246,308,15,32,多元社團,373,胡慈恩
317247,220,16,32,多元社團,110,紀彥羽
316368,130,17,32,多元社團,372,邱建傑
317887,236,16,32,多元社團,372,邱建傑
316128,124,17,32,多元社團,111,林豐傑
317607,229,16,32,多元社團,111,林豐傑
319006,327,15,32,多元社團,111,林豐傑
315648,112,17,32,多元社團,378,林瑄淇
317007,214,16,32,多元社團,378,林瑄淇
318526,315,15,32,多元社團,378,林瑄淇
316168,125,17,32,多元社團,336,林艾倫
317727,232,16,32,多元社團,336,林艾倫
319086,329,15,32,多元社團,336,林艾倫
315408,106,17,32,多元社團,293,林冬梅
316687,206,16,32,多元社團,293,林冬梅
318166,306,15,32,多元社團,293,林冬梅
316008,121,17,32,多元社團,387,林王民
317487,226,16,32,多元社團,387,林王民
318926,325,15,32,多元社團,387,林王民
316088,123,17,32,多元社團,103,林文彥
317567,228,16,32,多元社團,103,林文彥
318966,326,15,32,多元社團,103,林文彥
315848,117,17,32,多元社團,309,李匡
317327,222,16,32,多元社團,309,李匡
318766,321,15,32,多元社團,309,李匡
316248,127,17,32,多元社團,338,吳語真
317647,230,16,32,多元社團,338,吳語真
318686,319,15,32,多元社團,106,朱永方
319166,331,15,32,多元社團,102,王嘉徹
315208,101,17,32,多元社團,366,王筱婷
316487,201,16,32,多元社團,366,王筱婷
317966,301,15,32,多元社團,366,王筱婷
317047,215,16,32,多元社團,108,王振翰
316208,126,17,32,多元社團,358,王怡仁
315899,118,32,34,週會,0,0
317767,233,16,32,多元社團,358,王怡仁
319206,332,15,32,多元社團,358,王怡仁
315888,118,17,32,多元社團,384,尤瑞裕
317367,223,16,32,多元社團,384,尤瑞裕
318806,322,15,32,多元社團,384,尤瑞裕
315529,109,18,33,多元社團輔導,375,賴紅珠
315329,104,18,33,多元社團輔導,369,劉建志
315289,103,18,33,多元社團輔導,368,廖逸欣
316329,129,18,33,多元社團輔導,382,黃耀德
315969,120,18,33,多元社團輔導,386,黃圓恩
315369,105,18,33,多元社團輔導,370,黃滋涵
315609,111,18,33,多元社團輔導,377,黃莉菁
315729,114,18,33,多元社團輔導,380,黃貞賢
316289,128,18,33,多元社團輔導,357,黃冠瑋
315489,108,18,33,多元社團輔導,374,彭毓珍
316049,122,18,33,多元社團輔導,371,陳政儒
315929,119,18,33,多元社團輔導,385,陳冠華
315809,116,18,33,多元社團輔導,383,陳佳宏
316449,132,18,33,多元社團輔導,290,陳友梅
315769,115,18,33,多元社團輔導,381,張廷維
315249,102,18,33,多元社團輔導,367,張佑新
315689,113,18,33,多元社團輔導,379,張永芬
315569,110,18,33,多元社團輔導,376,高淇嬅
316409,131,18,33,多元社團輔導,289,翁意期
315449,107,18,33,多元社團輔導,373,胡慈恩
316369,130,18,33,多元社團輔導,372,邱建傑
316129,124,18,33,多元社團輔導,111,林豐傑
315649,112,18,33,多元社團輔導,378,林瑄淇
316169,125,18,33,多元社團輔導,336,林艾倫
315409,106,18,33,多元社團輔導,293,林冬梅
316009,121,18,33,多元社團輔導,387,林王民
316089,123,18,33,多元社團輔導,103,林文彥
315849,117,18,33,多元社團輔導,309,李匡
316249,127,18,33,多元社團輔導,338,吳語真
315209,101,18,33,多元社團輔導,366,王筱婷
316209,126,18,33,多元社團輔導,358,王怡仁
315889,118,18,33,多元社團輔導,384,尤瑞裕
319379,401,32,35,巡堂,105,顏廷晉
319387,401,42,35,巡堂,105,顏廷晉
315939,119,32,34,週會,0,0
319386,401,41,35,巡堂,117,蔡秀綾
319394,401,51,35,巡堂,117,蔡秀綾
319374,401,25,35,巡堂,109,趙甫嘉
319382,401,35,35,巡堂,109,趙甫嘉
319376,401,27,35,巡堂,116,楊春榮
319384,401,37,35,巡堂,116,楊春榮
319363,401,12,35,巡堂,104,陳鳳儀
319369,401,18,35,巡堂,104,陳鳳儀
319377,401,28,35,巡堂,104,陳鳳儀
319400,401,57,35,巡堂,104,陳鳳儀
319364,401,13,35,巡堂,115,陳盈秀
319372,401,23,35,巡堂,115,陳盈秀
319393,401,48,35,巡堂,115,陳盈秀
319395,401,52,35,巡堂,115,陳盈秀
319380,401,33,35,巡堂,101,陳俊豪
319385,401,38,35,巡堂,101,陳俊豪
319368,401,17,35,巡堂,100,陳俊宏
319392,401,47,35,巡堂,100,陳俊宏
319383,401,36,35,巡堂,114,郭秋梅
319399,401,56,35,巡堂,114,郭秋梅
319366,401,15,35,巡堂,110,紀彥羽
319397,401,54,35,巡堂,110,紀彥羽
319367,401,16,35,巡堂,112,洪煜喬
319375,401,26,35,巡堂,112,洪煜喬
319389,401,44,35,巡堂,111,林豐傑
319398,401,55,35,巡堂,111,林豐傑
319362,401,11,35,巡堂,103,林文彥
319401,401,58,35,巡堂,103,林文彥
319371,401,22,35,巡堂,113,卓芸貞
319391,401,46,35,巡堂,113,卓芸貞
319365,401,14,35,巡堂,107,李闓廷
319396,401,53,35,巡堂,107,李闓廷
319373,401,24,35,巡堂,106,朱永方
319388,401,43,35,巡堂,106,朱永方
319370,401,21,35,巡堂,102,王嘉徹
319378,401,31,35,巡堂,102,王嘉徹
319381,401,34,35,巡堂,108,王振翰
319390,401,45,35,巡堂,108,王振翰
316583,203,36,26,表演藝術,167,蔡孟純
315979,120,32,34,週會,0,0
316780,208,33,26,表演藝術,167,蔡孟純
316832,209,47,26,表演藝術,167,蔡孟純
316855,210,26,26,表演藝術,167,蔡孟純
317130,217,21,26,表演藝術,167,蔡孟純
317204,219,13,26,表演藝術,167,蔡孟純
317271,220,46,26,表演藝術,167,蔡孟純
317302,221,35,26,表演藝術,167,蔡孟純
317630,229,45,26,表演藝術,167,蔡孟純
317696,231,27,26,表演藝術,167,蔡孟純
317845,235,14,26,表演藝術,167,蔡孟純
317920,236,57,26,表演藝術,167,蔡孟純
315463,107,36,26,表演藝術,298,歐蕙瑜
315516,108,53,26,表演藝術,298,歐蕙瑜
315541,109,34,26,表演藝術,298,歐蕙瑜
315586,110,41,26,表演藝術,298,歐蕙瑜
315627,111,42,26,表演藝術,298,歐蕙瑜
315678,112,55,26,表演藝術,298,歐蕙瑜
315792,115,47,26,表演藝術,298,歐蕙瑜
315840,116,57,26,表演藝術,298,歐蕙瑜
315940,119,33,26,表演藝術,298,歐蕙瑜
315991,120,46,26,表演藝術,298,歐蕙瑜
318030,302,45,26,表演藝術,298,歐蕙瑜
318283,309,12,26,表演藝術,298,歐蕙瑜
318348,310,43,26,表演藝術,298,歐蕙瑜
318422,312,35,26,表演藝術,298,歐蕙瑜
318599,316,56,26,表演藝術,298,歐蕙瑜
319104,329,37,26,表演藝術,298,歐蕙瑜
319242,333,11,26,表演藝術,298,歐蕙瑜
319315,334,52,26,表演藝術,298,歐蕙瑜
316499,201,32,26,表演藝術,295,黃詩婷
316628,204,43,26,表演藝術,295,黃詩婷
316675,205,52,26,表演藝術,295,黃詩婷
316707,206,42,26,表演藝術,295,黃詩婷
316941,212,34,26,表演藝術,295,黃詩婷
317194,218,51,26,表演藝術,295,黃詩婷
317344,222,37,26,表演藝術,295,黃詩婷
317376,223,27,26,表演藝術,295,黃詩婷
317426,224,41,26,表演藝術,295,黃詩婷
317559,227,56,26,表演藝術,295,黃詩婷
316019,121,32,34,週會,0,0
317677,230,54,26,表演藝術,295,黃詩婷
317803,234,12,26,表演藝術,295,黃詩婷
318244,308,13,26,表演藝術,295,黃詩婷
318482,314,11,26,表演藝術,295,黃詩婷
318535,315,26,26,表演藝術,295,黃詩婷
318758,320,55,26,表演藝術,295,黃詩婷
318782,321,35,26,表演藝術,295,黃詩婷
318854,323,25,26,表演藝術,295,黃詩婷
315237,101,54,26,表演藝術,341,黃育騰
315275,102,52,26,表演藝術,341,黃育騰
315301,103,34,26,表演藝術,341,黃育騰
315352,104,47,26,表演藝術,341,黃育騰
315376,105,27,26,表演藝術,341,黃育騰
315405,106,14,26,表演藝術,341,黃育騰
315700,113,33,26,表演藝術,341,黃育騰
316558,202,55,26,表演藝術,297,游智淳
316908,211,43,26,表演藝術,297,游智淳
317514,226,51,26,表演藝術,297,游智淳
317723,232,12,26,表演藝術,297,游智淳
317799,233,56,26,表演藝術,297,游智淳
318000,301,57,26,表演藝術,297,游智淳
318082,304,11,26,表演藝術,297,游智淳
318150,305,45,26,表演藝術,297,游智淳
318174,306,25,26,表演藝術,297,游智淳
318236,307,53,26,表演藝術,297,游智淳
318372,311,23,26,表演藝術,297,游智淳
318464,313,37,26,表演藝術,297,游智淳
318711,319,46,26,表演藝術,297,游智淳
318819,322,32,26,表演藝術,297,游智淳
318907,324,42,26,表演藝術,297,游智淳
318986,326,41,26,表演藝術,297,游智淳
319130,330,21,26,表演藝術,297,游智淳
319197,331,54,26,表演藝術,297,游智淳
316078,122,55,26,表演藝術,296,許慧貞
316146,124,41,26,表演藝術,296,許慧貞
316199,125,56,26,表演藝術,296,許慧貞
316203,126,12,26,表演藝術,296,許慧貞
316242,127,11,26,表演藝術,296,許慧貞
316290,128,21,26,表演藝術,296,許慧貞
316059,122,32,34,週會,0,0
316355,129,52,26,表演藝術,296,許慧貞
316364,130,13,26,表演藝術,296,許慧貞
316415,131,26,26,表演藝術,296,許慧貞
316480,132,57,26,表演藝術,296,許慧貞
318067,303,42,26,表演藝術,296,許慧貞
318632,317,47,26,表演藝術,296,許慧貞
318668,318,43,26,表演藝術,296,許慧貞
318951,325,46,26,表演藝術,296,許慧貞
319029,327,44,26,表演藝術,296,許慧貞
319054,328,25,26,表演藝術,296,許慧貞
319230,332,45,26,表演藝術,296,許慧貞
319354,335,51,26,表演藝術,296,許慧貞
315735,114,26,26,表演藝術,360,王虹閔
315860,117,33,26,表演藝術,360,王虹閔
315902,118,35,26,表演藝術,360,王虹閔
316013,121,24,26,表演藝術,360,王虹閔
316090,123,21,26,表演藝術,360,王虹閔
316741,207,34,26,表演藝術,360,王虹閔
316972,213,23,26,表演藝術,360,王虹閔
317014,214,25,26,表演藝術,360,王虹閔
317063,215,36,26,表演藝術,360,王虹閔
317099,216,32,26,表演藝術,360,王虹閔
317451,225,22,26,表演藝術,360,王虹閔
317576,228,27,26,表演藝術,360,王虹閔
317944,237,37,26,表演藝術,360,王虹閔
317291,221,22,15,科創復興,141,謝宗益
317478,225,55,15,科創復興,141,謝宗益
317770,233,21,15,科創復興,141,謝宗益
318407,312,16,15,科創復興,141,謝宗益
318008,302,17,15,科創復興,353,賴冠廷
318630,317,45,15,科創復興,353,賴冠廷
317632,229,47,15,科創復興,193,蕭靜芬
317967,301,16,15,科創復興,193,蕭靜芬
318208,307,17,15,科創復興,193,蕭靜芬
316496,201,27,15,科創復興,334,盧錦雲
317006,214,15,15,科創復興,334,盧錦雲
317260,220,33,15,科創復興,334,盧錦雲
318134,305,25,15,科創復興,334,盧錦雲
318567,316,16,15,科創復興,334,盧錦雲
316099,123,32,34,週會,0,0
316939,212,32,15,科創復興,270,鄭騏樑
317214,219,25,15,科創復興,270,鄭騏樑
317547,227,42,15,科創復興,270,鄭騏樑
317701,231,34,15,科創復興,270,鄭騏樑
317843,235,12,15,科創復興,270,鄭騏樑
317054,215,25,15,科創復興,196,鄧潔梨
317735,232,26,15,科創復興,196,鄧潔梨
318047,303,16,15,科創復興,196,鄧潔梨
317391,223,46,15,科創復興,268,蔣宜君
318259,308,32,15,科創復興,268,蔣宜君
318316,309,53,15,科創復興,268,蔣宜君
318323,310,12,15,科創復興,268,蔣宜君
318487,314,16,15,科創復興,268,蔣宜君
316996,213,53,15,科創復興,219,蔡青芸
318988,326,43,15,科創復興,219,蔡青芸
319357,335,54,15,科創復興,219,蔡青芸
316759,207,56,15,科創復興,198,楊曉琪
317198,218,55,15,科創復興,198,楊曉琪
317836,234,53,15,科創復興,198,楊曉琪
316550,202,45,15,科創復興,203,黃怡綸
318522,315,11,15,科創復興,203,黃怡綸
318807,322,16,15,科創復興,203,黃怡綸
317949,237,44,15,科創復興,209,黃吉楠
319008,327,17,15,科創復興,209,黃吉楠
319158,330,55,15,科創復興,209,黃吉楠
317404,224,13,15,科創復興,188,曾昭賢
318687,319,16,15,科創復興,188,曾昭賢
318790,321,45,15,科創復興,188,曾昭賢
316770,208,21,15,科創復興,269,陳柄成
318448,313,17,15,科創復興,269,陳柄成
318756,320,53,15,科創復興,269,陳柄成
319192,331,47,15,科創復興,269,陳柄成
319287,334,16,15,科創復興,269,陳柄成
317335,222,26,15,科創復興,233,陳俊明
317642,230,11,15,科創復興,233,陳俊明
318367,311,16,15,科創復興,233,陳俊明
318120,304,57,15,科創復興,162,陳居中
319087,329,16,15,科創復興,162,陳居中
319208,332,17,15,科創復興,162,陳居中
316139,124,32,34,週會,0,0
319269,333,44,15,科創復興,162,陳居中
316816,209,27,15,科創復興,202,郭芷佑
317128,217,17,15,科創復興,202,郭芷佑
317600,228,57,15,科創復興,202,郭芷佑
316630,204,45,15,科創復興,154,莊維聖
318927,325,16,15,科創復興,154,莊維聖
319056,328,27,15,科創復興,154,莊維聖
318179,306,32,15,科創復興,110,紀彥羽
318659,318,32,15,科創復興,147,周建良
318877,323,54,15,科創復興,147,周建良
318888,324,17,15,科創復興,147,周建良
316650,205,21,15,科創復興,271,李智宏
316859,210,32,15,科創復興,271,李智宏
316901,211,34,15,科創復興,271,李智宏
317083,216,12,15,科創復興,271,李智宏
317491,226,22,15,科創復興,271,李智宏
316599,203,56,15,科創復興,220,王意淳
316691,206,22,15,科創復興,220,王意淳
317912,236,47,15,科創復興,220,王意淳
316072,122,47,7,英會探檢,223,蘇婉亭
317560,227,57,7,英會探檢,223,蘇婉亭
317862,235,35,7,英會探檢,223,蘇婉亭
316351,129,46,7,英會探檢,349,羅麗鈴
316423,131,36,7,英會探檢,349,羅麗鈴
316462,132,35,7,英會探檢,349,羅麗鈴
315296,103,27,7,英會探檢,253,羅惠文
315884,118,13,7,英會探檢,253,羅惠文
318528,315,17,7,英會探檢,253,羅惠文
318741,320,34,7,英會探檢,253,羅惠文
319118,329,55,7,英會探檢,253,羅惠文
319157,330,54,7,英會探檢,253,羅惠文
316616,204,27,7,英會探檢,195,魏黛伊
317091,216,22,7,英會探檢,195,魏黛伊
317719,231,56,7,英會探檢,195,魏黛伊
316132,124,23,7,英會探檢,252,顏伯芳
316164,125,13,7,英會探檢,252,顏伯芳
316247,127,16,7,英會探檢,252,顏伯芳
316838,209,55,7,英會探檢,251,謝綠妮
317215,219,26,7,英會探檢,251,謝綠妮
316179,125,32,34,週會,0,0
317659,230,32,7,英會探檢,251,謝綠妮
318368,311,17,7,英會探檢,390,戴汝卉
318647,318,16,7,英會探檢,390,戴汝卉
319163,331,12,7,英會探檢,390,戴汝卉
318191,306,46,7,英會探檢,348,蔡瑾蓉
318568,316,17,7,英會探檢,348,蔡瑾蓉
316575,203,26,7,英會探檢,192,蔡孟怡
316744,207,37,7,英會探檢,192,蔡孟怡
317598,228,55,7,英會探檢,192,蔡孟怡
315714,113,51,7,英會探檢,331,蔡沛珊
317403,224,12,7,英會探檢,331,蔡沛珊
317611,229,22,7,英會探檢,331,蔡沛珊
317775,233,26,7,英會探檢,331,蔡沛珊
317959,237,56,7,英會探檢,331,蔡沛珊
316974,213,25,7,英會探檢,116,楊春榮
315411,106,22,7,英會探檢,207,黃玫菁
316875,210,52,7,英會探檢,207,黃玫菁
317181,218,34,7,英會探檢,207,黃玫菁
315604,111,13,7,英會探檢,212,黃宗賢
317398,223,55,7,英會探檢,212,黃宗賢
317744,232,37,7,英會探檢,212,黃宗賢
315645,112,14,7,英會探檢,213,陳禎芳
315742,114,35,7,英會探檢,213,陳禎芳
315774,115,25,7,英會探檢,213,陳禎芳
317964,301,13,7,英會探檢,134,陳菀雯
318110,304,45,7,英會探檢,134,陳菀雯
318128,305,17,7,英會探檢,134,陳菀雯
318495,314,26,7,英會探檢,151,陳冠霓
318831,322,46,7,英會探檢,151,陳冠霓
319306,334,41,7,英會探檢,151,陳冠霓
316666,205,41,7,英會探檢,169,陳怡雲
318007,302,16,7,英會探檢,169,陳怡雲
319079,328,56,7,英會探檢,169,陳怡雲
316396,130,53,7,英會探檢,231,陳玉聖
318768,321,17,7,英會探檢,231,陳玉聖
319344,335,37,7,英會探檢,231,陳玉聖
317892,236,23,7,英會探檢,152,郭鳳茹
318453,313,24,7,英會探檢,152,郭鳳茹
318869,323,44,7,英會探檢,152,郭鳳茹
316219,126,32,34,週會,0,0
315831,116,46,7,英會探檢,365,郭芮妤
315959,119,56,7,英會探檢,365,郭芮妤
315983,120,36,7,英會探檢,365,郭芮妤
316006,121,15,7,英會探檢,365,郭芮妤
316510,201,45,7,英會探檢,365,郭芮妤
316688,206,17,7,英會探檢,365,郭芮妤
316896,211,27,7,英會探檢,365,郭芮妤
317255,220,26,7,英會探檢,365,郭芮妤
317838,234,55,7,英會探檢,365,郭芮妤
318615,317,26,7,英會探檢,146,梁景美
317300,221,33,7,英會探檢,350,高靜雯
317442,225,11,7,英會探檢,350,高靜雯
316523,202,12,7,英會探檢,246,高曉雯
316794,208,51,7,英會探檢,246,高曉雯
317330,222,21,7,英會探檢,246,高曉雯
315386,105,41,7,英會探檢,247,徐淑芳
315518,108,55,7,英會探檢,247,徐淑芳
315543,109,36,7,英會探檢,247,徐淑芳
315464,107,37,7,英會探檢,208,紀藶真
317154,217,51,7,英會探檢,208,紀藶真
317483,226,12,7,英會探檢,208,紀藶真
315583,110,36,7,英會探檢,250,洪建和
318928,325,17,7,英會探檢,250,洪建和
319220,332,33,7,英會探檢,250,洪建和
315226,101,41,7,英會探檢,254,林玟君
315261,102,34,7,英會探檢,254,林玟君
315852,117,23,7,英會探檢,254,林玟君
316085,123,14,7,英會探檢,254,林玟君
316284,128,13,7,英會探檢,254,林玟君
316955,212,52,7,英會探檢,254,林玟君
315359,104,56,7,英會探檢,248,林佳蓉英
316211,126,22,7,英會探檢,248,林佳蓉英
318048,303,17,7,英會探檢,248,林佳蓉英
318306,309,41,7,英會探檢,248,林佳蓉英
319019,327,32,7,英會探檢,248,林佳蓉英
317016,214,27,7,英會探檢,179,李佩芸
317045,215,14,7,英會探檢,179,李佩芸
318221,307,34,7,英會探檢,249,吳欣穎
318328,310,17,7,英會探檢,249,吳欣穎
316259,127,32,34,週會,0,0
318415,312,26,7,英會探檢,249,吳欣穎
318882,324,11,7,英會探檢,249,吳欣穎
319274,333,51,7,英會探檢,249,吳欣穎
318251,308,22,7,英會探檢,245,王美容
318714,319,51,7,英會探檢,245,王美容
318968,326,17,7,英會探檢,245,王美容
316046,122,15,6,英語,223,蘇婉亭
316050,122,21,6,英語,223,蘇婉亭
316077,122,54,6,英語,223,蘇婉亭
317528,227,17,6,英語,223,蘇婉亭
317536,227,27,6,英語,223,蘇婉亭
317546,227,41,6,英語,223,蘇婉亭
317864,235,37,6,英語,223,蘇婉亭
317870,235,45,6,英語,223,蘇婉亭
317878,235,55,6,英語,223,蘇婉亭
316327,129,16,6,英語,349,羅麗鈴
316336,129,27,6,英語,349,羅麗鈴
316350,129,45,6,英語,349,羅麗鈴
316406,131,15,6,英語,349,羅麗鈴
316414,131,25,6,英語,349,羅麗鈴
316438,131,55,6,英語,349,羅麗鈴
316464,132,37,6,英語,349,羅麗鈴
316472,132,47,6,英語,349,羅麗鈴
316479,132,56,6,英語,349,羅麗鈴
318531,315,22,6,英語,253,羅惠文
318550,315,45,6,英語,253,羅惠文
318559,315,56,6,英語,253,羅惠文
318732,320,23,6,英語,253,羅惠文
318743,320,36,6,英語,253,羅惠文
318751,320,46,6,英語,253,羅惠文
319082,329,11,6,英語,253,羅惠文
319090,329,21,6,英語,253,羅惠文
319106,329,41,6,英語,253,羅惠文
319123,330,12,6,英語,253,羅惠文
319139,330,32,6,英語,253,羅惠文
319156,330,53,6,英語,253,羅惠文
316605,204,14,6,英語,195,魏黛伊
316608,204,17,6,英語,195,魏黛伊
316638,204,55,6,英語,195,魏黛伊
316299,128,32,34,週會,0,0
317094,216,25,6,英語,195,魏黛伊
317104,216,37,6,英語,195,魏黛伊
317112,216,47,6,英語,195,魏黛伊
317686,231,15,6,英語,195,魏黛伊
317690,231,21,6,英語,195,魏黛伊
317706,231,41,6,英語,195,魏黛伊
316123,124,12,6,英語,252,顏伯芳
316143,124,36,6,英語,252,顏伯芳
316150,124,45,6,英語,252,顏伯芳
316174,125,25,6,英語,252,顏伯芳
316181,125,34,6,英語,252,顏伯芳
316195,125,52,6,英語,252,顏伯芳
316246,127,15,6,英語,252,顏伯芳
316272,127,47,6,英語,252,顏伯芳
316274,127,51,6,英語,252,顏伯芳
316482,201,11,6,英語,252,顏伯芳
316495,201,26,6,英語,252,顏伯芳
316506,201,41,6,英語,252,顏伯芳
316890,211,21,6,英語,252,顏伯芳
316904,211,37,6,英語,252,顏伯芳
316916,211,53,6,英語,252,顏伯芳
315815,116,26,6,英語,389,顏宇妡
315823,116,36,6,英語,389,顏宇妡
315826,116,41,6,英語,389,顏宇妡
315846,117,15,6,英語,251,謝綠妮
315854,117,25,6,英語,251,謝綠妮
315877,117,54,6,英語,251,謝綠妮
316003,121,12,6,英語,251,謝綠妮
316031,121,46,6,英語,251,謝綠妮
316039,121,56,6,英語,251,謝綠妮
316802,209,11,6,英語,251,謝綠妮
316810,209,21,6,英語,251,謝綠妮
316823,209,36,6,英語,251,謝綠妮
317221,219,34,6,英語,251,謝綠妮
317230,219,45,6,英語,251,謝綠妮
317235,219,52,6,英語,251,謝綠妮
317653,230,24,6,英語,251,謝綠妮
317660,230,33,6,英語,251,謝綠妮
317666,230,41,6,英語,251,謝綠妮
316339,129,32,34,週會,0,0
318390,311,45,6,英語,390,戴汝卉
318397,311,54,6,英語,390,戴汝卉
318400,311,57,6,英語,390,戴汝卉
318652,318,23,6,英語,390,戴汝卉
318663,318,36,6,英語,390,戴汝卉
318672,318,47,6,英語,390,戴汝卉
319181,331,34,6,英語,390,戴汝卉
319186,331,41,6,英語,390,戴汝卉
319199,331,56,6,英語,390,戴汝卉
318175,306,26,6,英語,348,蔡瑾蓉
318188,306,43,6,英語,348,蔡瑾蓉
318197,306,54,6,英語,348,蔡瑾蓉
318576,316,27,6,英語,348,蔡瑾蓉
318589,316,44,6,英語,348,蔡瑾蓉
318598,316,55,6,英語,348,蔡瑾蓉
316562,203,11,6,英語,192,蔡孟怡
316571,203,22,6,英語,192,蔡孟怡
316596,203,53,6,英語,192,蔡孟怡
316733,207,24,6,英語,192,蔡孟怡
316751,207,46,6,英語,192,蔡孟怡
316760,207,57,6,英語,192,蔡孟怡
317570,228,21,6,英語,192,蔡孟怡
317581,228,34,6,英語,192,蔡孟怡
317595,228,52,6,英語,192,蔡孟怡
315696,113,27,6,英語,331,蔡沛珊
315710,113,45,6,英語,331,蔡沛珊
315716,113,53,6,英語,331,蔡沛珊
317406,224,15,6,英語,331,蔡沛珊
317423,224,36,6,英語,331,蔡沛珊
317437,224,54,6,英語,331,蔡沛珊
317622,229,35,6,英語,331,蔡沛珊
317626,229,41,6,英語,331,蔡沛珊
317638,229,55,6,英語,331,蔡沛珊
317764,233,13,6,英語,331,蔡沛珊
317780,233,33,6,英語,331,蔡沛珊
317792,233,47,6,英語,331,蔡沛珊
317928,237,17,6,英語,331,蔡沛珊
317933,237,24,6,英語,331,蔡沛珊
317939,237,32,6,英語,331,蔡沛珊
316379,130,32,34,週會,0,0
316965,213,14,6,英語,116,楊春榮
316979,213,32,6,英語,116,楊春榮
316991,213,46,6,英語,116,楊春榮
315403,106,12,6,英語,207,黃玫菁
315426,106,41,6,英語,207,黃玫菁
315439,106,56,6,英語,207,黃玫菁
316848,210,17,6,英語,207,黃玫菁
316864,210,37,6,英語,207,黃玫菁
316880,210,57,6,英語,207,黃玫菁
317166,218,15,6,英語,207,黃玫菁
317174,218,25,6,英語,207,黃玫菁
317183,218,36,6,英語,207,黃玫菁
315607,111,16,6,英語,212,黃宗賢
315622,111,35,6,英語,212,黃宗賢
315626,111,41,6,英語,212,黃宗賢
317362,223,11,6,英語,212,黃宗賢
317371,223,22,6,英語,212,黃宗賢
317397,223,54,6,英語,212,黃宗賢
317725,232,14,6,英語,212,黃宗賢
317734,232,25,6,英語,212,黃宗賢
317760,232,57,6,英語,212,黃宗賢
315653,112,24,6,英語,213,陳禎芳
315671,112,46,6,英語,213,陳禎芳
315674,112,51,6,英語,213,陳禎芳
315740,114,33,6,英語,213,陳禎芳
315750,114,45,6,英語,213,陳禎芳
315759,114,56,6,英語,213,陳禎芳
315763,115,12,6,英語,213,陳禎芳
315783,115,36,6,英語,213,陳禎芳
315797,115,54,6,英語,213,陳禎芳
317970,301,21,6,英語,134,陳菀雯
317982,301,35,6,英語,134,陳菀雯
317997,301,54,6,英語,134,陳菀雯
318094,304,25,6,英語,134,陳菀雯
318099,304,32,6,英語,134,陳菀雯
318116,304,53,6,英語,134,陳菀雯
318135,305,26,6,英語,134,陳菀雯
318151,305,46,6,英語,134,陳菀雯
318160,305,57,6,英語,134,陳菀雯
316419,131,32,34,週會,0,0
318484,314,13,6,英語,151,陳冠霓
318514,314,51,6,英語,151,陳冠霓
318517,314,54,6,英語,151,陳冠霓
318803,322,12,6,英語,151,陳冠霓
318830,322,45,6,英語,151,陳冠霓
318840,322,57,6,英語,151,陳冠霓
319282,334,11,6,英語,151,陳冠霓
319296,334,27,6,英語,151,陳冠霓
319302,334,35,6,英語,151,陳冠霓
316653,205,24,6,英語,169,陳怡雲
316672,205,47,6,英語,169,陳怡雲
316678,205,55,6,英語,169,陳怡雲
318012,302,23,6,英語,169,陳怡雲
318024,302,37,6,英語,169,陳怡雲
318031,302,46,6,英語,169,陳怡雲
319055,328,26,6,英語,169,陳怡雲
319062,328,35,6,英語,169,陳怡雲
319074,328,51,6,英語,169,陳怡雲
316373,130,24,6,英語,231,陳玉聖
316381,130,34,6,英語,231,陳玉聖
316390,130,45,6,英語,231,陳玉聖
318775,321,26,6,英語,231,陳玉聖
318792,321,47,6,英語,231,陳玉聖
318794,321,51,6,英語,231,陳玉聖
319325,335,14,6,英語,231,陳玉聖
319332,335,23,6,英語,231,陳玉聖
319359,335,56,6,英語,231,陳玉聖
317883,236,12,6,英語,152,郭鳳茹
317890,236,21,6,英語,152,郭鳳茹
317915,236,52,6,英語,152,郭鳳茹
318456,313,27,6,英語,152,郭鳳茹
318462,313,35,6,英語,152,郭鳳茹
318478,313,55,6,英語,152,郭鳳茹
318855,323,26,6,英語,152,郭鳳茹
318874,323,51,6,英語,152,郭鳳茹
318879,323,56,6,英語,152,郭鳳茹
317814,234,25,6,英語,365,郭芮妤
317822,234,35,6,英語,365,郭芮妤
317840,234,57,6,英語,365,郭芮妤
316459,132,32,34,週會,0,0
318611,317,22,6,英語,146,梁景美
318626,317,41,6,英語,146,梁景美
318639,317,56,6,英語,146,梁景美
317299,221,32,6,英語,350,高靜雯
317306,221,41,6,英語,350,高靜雯
317308,221,43,6,英語,350,高靜雯
317448,225,17,6,英語,350,高靜雯
317461,225,34,6,英語,350,高靜雯
317469,225,44,6,英語,350,高靜雯
315292,103,23,6,英語,246,高曉雯
315312,103,47,6,英語,246,高曉雯
315315,103,52,6,英語,246,高曉雯
315903,118,36,6,英語,246,高曉雯
315911,118,46,6,英語,246,高曉雯
315916,118,53,6,英語,246,高曉雯
316541,202,34,6,英語,246,高曉雯
316546,202,41,6,英語,246,高曉雯
316560,202,57,6,英語,246,高曉雯
316762,208,11,6,英語,246,高曉雯
316779,208,32,6,英語,246,高曉雯
316798,208,55,6,英語,246,高曉雯
317325,222,14,6,英語,246,高曉雯
317331,222,22,6,英語,246,高曉雯
317340,222,33,6,英語,246,高曉雯
315367,105,16,6,英語,247,徐淑芳
315384,105,37,6,英語,247,徐淑芳
315400,105,57,6,英語,247,徐淑芳
315486,108,15,6,英語,247,徐淑芳
315500,108,33,6,英語,247,徐淑芳
315511,108,46,6,英語,247,徐淑芳
315536,109,27,6,英語,247,徐淑芳
315550,109,45,6,英語,247,徐淑芳
315557,109,54,6,英語,247,徐淑芳
316683,206,12,6,英語,247,徐淑芳
316694,206,25,6,英語,247,徐淑芳
316699,206,32,6,英語,247,徐淑芳
317242,220,11,6,英語,247,徐淑芳
317250,220,21,6,英語,247,徐淑芳
317275,220,52,6,英語,247,徐淑芳
315447,107,16,6,英語,208,紀藶真
315472,107,47,6,英語,208,紀藶真
315479,107,56,6,英語,208,紀藶真
317134,217,25,6,英語,208,紀藶真
317141,217,34,6,英語,208,紀藶真
317158,217,55,6,英語,208,紀藶真
317485,226,14,6,英語,208,紀藶真
317496,226,27,6,英語,208,紀藶真
317503,226,36,6,英語,208,紀藶真
315572,110,23,6,英語,250,洪建和
315592,110,47,6,英語,250,洪建和
315594,110,51,6,英語,250,洪建和
315923,119,12,6,英語,250,洪建和
315934,119,25,6,英語,250,洪建和
315956,119,53,6,英語,250,洪建和
315962,120,11,6,英語,250,洪建和
315981,120,34,6,英語,250,洪建和
315997,120,54,6,英語,250,洪建和
318930,325,21,6,英語,250,洪建和
318942,325,35,6,英語,250,洪建和
318958,325,55,6,英語,250,洪建和
319204,332,13,6,英語,250,洪建和
319231,332,46,6,英語,250,洪建和
319240,332,57,6,英語,250,洪建和
315206,101,15,6,英語,254,林玟君
315222,101,35,6,英語,254,林玟君
315232,101,47,6,英語,254,林玟君
315253,102,24,6,英語,254,林玟君
315271,102,46,6,英語,254,林玟君
315277,102,54,6,英語,254,林玟君
316094,123,25,6,英語,254,林玟君
316100,123,33,6,英語,254,林玟君
316118,123,55,6,英語,254,林玟君
316928,212,17,6,英語,254,林玟君
316935,212,26,6,英語,254,林玟君
316959,212,56,6,英語,254,林玟君
315322,104,11,6,英語,248,林佳蓉英
315334,104,25,6,英語,248,林佳蓉英
315355,104,52,6,英語,248,林佳蓉英
318044,303,13,6,英語,248,林佳蓉英
318064,303,37,6,英語,248,林佳蓉英
318080,303,57,6,英語,248,林佳蓉英
318285,309,14,6,英語,248,林佳蓉英
318292,309,23,6,英語,248,林佳蓉英
318314,309,51,6,英語,248,林佳蓉英
319016,327,27,6,英語,248,林佳蓉英
319031,327,46,6,英語,248,林佳蓉英
319036,327,53,6,英語,248,林佳蓉英
317015,214,26,6,英語,179,李佩芸
317020,214,33,6,英語,179,李佩芸
317035,214,52,6,英語,179,李佩芸
317043,215,12,6,英語,179,李佩芸
317059,215,32,6,英語,179,李佩芸
317080,215,57,6,英語,179,李佩芸
318214,307,25,6,英語,249,吳欣穎
318219,307,32,6,英語,249,吳欣穎
318237,307,54,6,英語,249,吳欣穎
318332,310,23,6,英語,249,吳欣穎
318342,310,35,6,英語,249,吳欣穎
318360,310,57,6,英語,249,吳欣穎
318405,312,14,6,英語,249,吳欣穎
318411,312,22,6,英語,249,吳欣穎
318426,312,41,6,英語,249,吳欣穎
318883,324,12,6,英語,249,吳欣穎
318910,324,45,6,英語,249,吳欣穎
318916,324,53,6,英語,249,吳欣穎
319263,333,36,6,英語,249,吳欣穎
319271,333,46,6,英語,249,吳欣穎
319278,333,55,6,英語,249,吳欣穎
316216,126,27,6,英語,245,王美容
316220,126,33,6,英語,245,王美容
316235,126,52,6,英語,245,王美容
316285,128,14,6,英語,245,王美容
316301,128,34,6,英語,245,王美容
316312,128,47,6,英語,245,王美容
318242,308,11,6,英語,245,王美容
318252,308,23,6,英語,245,王美容
318264,308,37,6,英語,245,王美容
318695,319,26,6,英語,245,王美容
318706,319,41,6,英語,245,王美容
318720,319,57,6,英語,245,王美容
318982,326,35,6,英語,245,王美容
318990,326,45,6,英語,245,王美容
318996,326,53,6,英語,245,王美容
316081,122,58,8,英語輔導,223,蘇婉亭
317545,227,38,8,英語輔導,223,蘇婉亭
317857,235,28,8,英語輔導,223,蘇婉亭
316337,129,28,8,英語輔導,349,羅麗鈴
316441,131,58,8,英語輔導,349,羅麗鈴
316473,132,48,8,英語輔導,349,羅麗鈴
318529,315,18,8,英語輔導,253,羅惠文
318761,320,58,8,英語輔導,253,羅惠文
319105,329,38,8,英語輔導,253,羅惠文
319153,330,48,8,英語輔導,253,羅惠文
316641,204,58,8,英語輔導,195,魏黛伊
317113,216,48,8,英語輔導,195,魏黛伊
317705,231,38,8,英語輔導,195,魏黛伊
316161,124,58,8,英語輔導,252,顏伯芳
316185,125,38,8,英語輔導,252,顏伯芳
316257,127,28,8,英語輔導,252,顏伯芳
316489,201,18,8,英語輔導,252,顏伯芳
316913,211,48,8,英語輔導,252,顏伯芳
315817,116,28,8,英語輔導,389,顏宇妡
315873,117,48,8,英語輔導,251,謝綠妮
316017,121,28,8,英語輔導,251,謝綠妮
316825,209,38,8,英語輔導,251,謝綠妮
317209,219,18,8,英語輔導,251,謝綠妮
317681,230,58,8,英語輔導,251,謝綠妮
318385,311,38,8,英語輔導,390,戴汝卉
318673,318,48,8,英語輔導,390,戴汝卉
319177,331,28,8,英語輔導,390,戴汝卉
318177,306,28,8,英語輔導,348,蔡瑾蓉
318569,316,18,8,英語輔導,348,蔡瑾蓉
316593,203,48,8,英語輔導,192,蔡孟怡
316737,207,28,8,英語輔導,192,蔡孟怡
317569,228,18,8,英語輔導,192,蔡孟怡
315713,113,48,8,英語輔導,331,蔡沛珊
317417,224,28,8,英語輔導,331,蔡沛珊
317625,229,38,8,英語輔導,331,蔡沛珊
317801,233,58,8,英語輔導,331,蔡沛珊
317929,237,18,8,英語輔導,331,蔡沛珊
316993,213,48,8,英語輔導,116,楊春榮
315441,106,58,8,英語輔導,207,黃玫菁
316857,210,28,8,英語輔導,207,黃玫菁
317169,218,18,8,英語輔導,207,黃玫菁
315625,111,38,8,英語輔導,212,黃宗賢
317369,223,18,8,英語輔導,212,黃宗賢
317737,232,28,8,英語輔導,212,黃宗賢
315657,112,28,8,英語輔導,213,陳禎芳
315761,114,58,8,英語輔導,213,陳禎芳
315785,115,38,8,英語輔導,213,陳禎芳
317969,301,18,8,英語輔導,134,陳菀雯
318097,304,28,8,英語輔導,134,陳菀雯
318153,305,48,8,英語輔導,134,陳菀雯
318505,314,38,8,英語輔導,151,陳冠霓
318841,322,58,8,英語輔導,151,陳冠霓
319313,334,48,8,英語輔導,151,陳冠霓
316649,205,18,8,英語輔導,169,陳怡雲
318025,302,38,8,英語輔導,169,陳怡雲
319057,328,28,8,英語輔導,169,陳怡雲
316377,130,28,8,英語輔導,231,陳玉聖
318801,321,58,8,英語輔導,231,陳玉聖
319353,335,48,8,英語輔導,231,陳玉聖
317921,236,58,8,英語輔導,152,郭鳳茹
318449,313,18,8,英語輔導,152,郭鳳茹
318873,323,48,8,英語輔導,152,郭鳳茹
317289,221,18,8,英語輔導,365,郭芮妤
317473,225,48,8,英語輔導,365,郭芮妤
318641,317,58,8,英語輔導,146,梁景美
317825,234,38,8,英語輔導,350,高靜雯
315321,103,58,8,英語輔導,246,高曉雯
315913,118,48,8,英語輔導,246,高曉雯
316545,202,38,8,英語輔導,246,高曉雯
316777,208,28,8,英語輔導,246,高曉雯
317329,222,18,8,英語輔導,246,高曉雯
315401,105,58,8,英語輔導,247,徐淑芳
315505,108,38,8,英語輔導,247,徐淑芳
315553,109,48,8,英語輔導,247,徐淑芳
316697,206,28,8,英語輔導,247,徐淑芳
317249,220,18,8,英語輔導,247,徐淑芳
315473,107,48,8,英語輔導,208,紀藶真
317145,217,38,8,英語輔導,208,紀藶真
317497,226,28,8,英語輔導,208,紀藶真
315593,110,48,8,英語輔導,250,洪建和
315945,119,38,8,英語輔導,250,洪建和
315977,120,28,8,英語輔導,250,洪建和
318929,325,18,8,英語輔導,250,洪建和
319241,332,58,8,英語輔導,250,洪建和
315241,101,58,8,英語輔導,254,林玟君
315257,102,28,8,英語輔導,254,林玟君
316113,123,48,8,英語輔導,254,林玟君
316929,212,18,8,英語輔導,254,林玟君
315337,104,28,8,英語輔導,248,林佳蓉英
318073,303,48,8,英語輔導,248,林佳蓉英
318305,309,38,8,英語輔導,248,林佳蓉英
319009,327,18,8,英語輔導,248,林佳蓉英
317009,214,18,8,英語輔導,179,李佩芸
317065,215,38,8,英語輔導,179,李佩芸
318241,307,58,8,英語輔導,249,吳欣穎
318337,310,28,8,英語輔導,249,吳欣穎
318409,312,18,8,英語輔導,249,吳欣穎
318905,324,38,8,英語輔導,249,吳欣穎
319273,333,48,8,英語輔導,249,吳欣穎
316241,126,58,8,英語輔導,245,王美容
316305,128,38,8,英語輔導,245,王美容
318273,308,48,8,英語輔導,245,王美容
318689,319,18,8,英語輔導,245,王美容
318977,326,28,8,英語輔導,245,王美容
315309,103,44,24,音樂,225,顏妤婷
315520,108,57,24,音樂,225,顏妤婷
315795,115,52,24,音樂,225,顏妤婷
315844,117,13,24,音樂,225,顏妤婷
315900,118,33,24,音樂,225,顏妤婷
315948,119,43,24,音樂,225,顏妤婷
315974,120,25,24,音樂,225,顏妤婷
316130,124,21,24,音樂,225,顏妤婷
316518,201,55,24,音樂,225,顏妤婷
316645,205,14,24,音樂,225,顏妤婷
316834,209,51,24,音樂,225,顏妤婷
317936,237,27,24,音樂,225,顏妤婷
316559,202,56,24,音樂,121,黃雅莉
316623,204,36,24,音樂,121,黃雅莉
316856,210,27,24,音樂,121,黃雅莉
317037,214,54,24,音樂,121,黃雅莉
317118,216,55,24,音樂,121,黃雅莉
317184,218,37,24,音樂,121,黃雅莉
317494,226,25,24,音樂,121,黃雅莉
318141,305,34,24,音樂,121,黃雅莉
318180,306,33,24,音樂,121,黃雅莉
318842,323,11,24,音樂,121,黃雅莉
319152,330,47,24,音樂,121,黃雅莉
319311,334,46,24,音樂,121,黃雅莉
316028,121,43,24,音樂,341,黃育騰
316107,123,42,24,音樂,341,黃育騰
316196,125,53,24,音樂,341,黃育騰
316283,128,12,24,音樂,341,黃育騰
316424,131,37,24,音樂,341,黃育騰
317999,301,56,24,音樂,341,黃育騰
318054,303,25,24,音樂,341,黃育騰
318084,304,13,24,音樂,341,黃育騰
318302,309,35,24,音樂,341,黃育騰
318350,310,45,24,音樂,341,黃育騰
315336,104,27,24,音樂,290,陳友梅
315544,109,37,24,音樂,290,陳友梅
315564,110,13,24,音樂,290,陳友梅
315637,111,54,24,音樂,290,陳友梅
315642,112,11,24,音樂,290,陳友梅
315701,113,34,24,音樂,290,陳友梅
315756,114,53,24,音樂,290,陳友梅
316074,122,51,24,音樂,290,陳友梅
316223,126,36,24,音樂,290,陳友梅
316270,127,45,24,音樂,290,陳友梅
318039,302,56,24,音樂,290,陳友梅
318232,307,47,24,音樂,290,陳友梅
318445,313,14,24,音樂,290,陳友梅
318588,316,43,24,音樂,290,陳友梅
318638,317,55,24,音樂,290,陳友梅
319222,332,35,24,音樂,290,陳友梅
319347,335,42,24,音樂,290,陳友梅
316566,203,15,24,音樂,339,許綿芸
316920,211,57,24,音樂,339,許綿芸
317290,221,21,24,音樂,339,許綿芸
317637,229,54,24,音樂,339,許綿芸
317866,235,41,24,音樂,339,許綿芸
318375,311,26,24,音樂,339,許綿芸
318511,314,46,24,音樂,339,許綿芸
318539,315,32,24,音樂,339,許綿芸
318776,321,27,24,音樂,339,許綿芸
318835,322,52,24,音樂,339,許綿芸
318918,324,55,24,音樂,339,許綿芸
318952,325,47,24,音樂,339,許綿芸
318983,326,36,24,音樂,339,許綿芸
319021,327,34,24,音樂,339,許綿芸
319069,328,44,24,音樂,339,許綿芸
319085,329,14,24,音樂,339,許綿芸
319194,331,51,24,音樂,339,許綿芸
319260,333,33,24,音樂,339,許綿芸
315236,101,53,24,音樂,289,翁意期
315262,102,35,24,音樂,289,翁意期
315365,105,14,24,音樂,289,翁意期
315402,106,11,24,音樂,289,翁意期
315455,107,26,24,音樂,289,翁意期
315804,116,13,24,音樂,289,翁意期
316354,129,51,24,音樂,289,翁意期
316399,130,56,24,音樂,289,翁意期
316466,132,41,24,音樂,289,翁意期
316747,207,42,24,音樂,289,翁意期
317071,215,46,24,音樂,289,翁意期
317224,219,37,24,音樂,289,翁意期
317370,223,21,24,音樂,289,翁意期
317597,228,54,24,音樂,289,翁意期
317654,230,25,24,音樂,289,翁意期
317700,231,33,24,音樂,289,翁意期
317749,232,44,24,音樂,289,翁意期
316711,206,46,24,音樂,340,沈倩依
316787,208,42,24,音樂,340,沈倩依
316946,212,41,24,音樂,340,沈倩依
316990,213,45,24,音樂,340,沈倩依
317122,217,11,24,音樂,340,沈倩依
317263,220,36,24,音樂,340,沈倩依
317358,222,55,24,音樂,340,沈倩依
317415,224,26,24,音樂,340,沈倩依
317443,225,12,24,音樂,340,沈倩依
317534,227,25,24,音樂,340,沈倩依
317765,233,14,24,音樂,340,沈倩依
317835,234,52,24,音樂,340,沈倩依
317917,236,54,24,音樂,340,沈倩依
318274,308,51,24,音樂,340,沈倩依
318440,312,57,24,音樂,340,沈倩依
318662,318,35,24,音樂,340,沈倩依
318704,319,37,24,音樂,340,沈倩依
318748,320,43,24,音樂,340,沈倩依
315223,101,36,28,家政,305,顏如淳
315280,102,57,28,家政,305,顏如淳
315304,103,37,28,家政,305,顏如淳
315356,104,53,28,家政,305,顏如淳
315366,105,15,28,家政,305,顏如淳
315415,106,26,28,家政,305,顏如淳
315468,107,43,28,家政,305,顏如淳
315494,108,25,28,家政,305,顏如淳
315562,110,11,28,家政,305,顏如淳
315616,111,27,28,家政,305,顏如淳
315709,113,44,28,家政,305,顏如淳
315725,114,14,28,家政,305,顏如淳
315924,119,13,28,家政,305,顏如淳
315967,120,16,28,家政,305,顏如淳
318971,326,22,28,家政,305,顏如淳
319078,328,55,28,家政,305,顏如淳
319119,329,56,28,家政,305,顏如淳
319221,332,34,28,家政,305,顏如淳
316621,204,34,28,家政,306,鄭愉潔
316813,209,24,28,家政,306,鄭愉潔
317463,225,36,28,家政,306,鄭愉潔
317486,226,15,28,家政,306,鄭愉潔
317582,228,35,28,家政,306,鄭愉潔
317619,229,32,28,家政,306,鄭愉潔
317829,234,44,28,家政,306,鄭愉潔
317948,237,43,28,家政,306,鄭愉潔
318015,302,26,28,家政,306,鄭愉潔
318170,306,21,28,家政,306,鄭愉潔
318494,314,25,28,家政,306,鄭愉潔
318586,316,41,28,家政,306,鄭愉潔
318607,317,16,28,家政,306,鄭愉潔
318759,320,56,28,家政,306,鄭愉潔
318852,323,23,28,家政,306,鄭愉潔
319037,327,54,28,家政,306,鄭愉潔
319200,331,57,28,家政,306,鄭愉潔
319245,333,14,28,家政,306,鄭愉潔
319316,334,53,28,家政,306,鄭愉潔
316490,201,21,28,家政,181,黃純滿
316589,203,44,28,家政,181,黃純滿
316796,208,53,28,家政,181,黃純滿
316995,213,52,28,家政,181,黃純滿
317026,214,41,28,家政,181,黃純滿
317078,215,55,28,家政,181,黃純滿
317125,217,14,28,家政,181,黃純滿
317200,218,57,28,家政,181,黃純滿
317295,221,26,28,家政,181,黃純滿
317368,223,17,28,家政,181,黃純滿
317412,224,23,28,家政,181,黃純滿
317533,227,24,28,家政,181,黃純滿
318820,322,33,28,家政,151,陳冠霓
316532,202,23,28,家政,303,張芊芊
316669,205,44,28,家政,303,張芊芊
316704,206,37,28,家政,303,張芊芊
316758,207,55,28,家政,303,張芊芊
316934,212,25,28,家政,303,張芊芊
317119,216,56,28,家政,303,張芊芊
317210,219,21,28,家政,303,張芊芊
317266,220,41,28,家政,303,張芊芊
317328,222,17,28,家政,303,張芊芊
317702,231,35,28,家政,303,張芊芊
317724,232,13,28,家政,303,張芊芊
317885,236,14,28,家政,303,張芊芊
317995,301,52,28,家政,303,張芊芊
318468,313,43,28,家政,303,張芊芊
318527,315,16,28,家政,303,張芊芊
318895,324,26,28,家政,303,張芊芊
318957,325,54,28,家政,303,張芊芊
319140,330,33,28,家政,303,張芊芊
316843,210,12,28,家政,304,林美菁
316892,211,23,28,家政,304,林美菁
317675,230,52,28,家政,304,林美菁
317773,233,24,28,家政,304,林美菁
317844,235,13,28,家政,304,林美菁
318063,303,36,28,家政,304,林美菁
318119,304,56,28,家政,304,林美菁
318144,305,37,28,家政,304,林美菁
318210,307,21,28,家政,304,林美菁
318254,308,25,28,家政,304,林美菁
318300,309,33,28,家政,304,林美菁
318341,310,34,28,家政,304,林美菁
318396,311,53,28,家政,304,林美菁
318402,312,11,28,家政,304,林美菁
318677,318,54,28,家政,304,林美菁
318702,319,35,28,家政,304,林美菁
318800,321,57,28,家政,304,林美菁
319348,335,43,28,家政,304,林美菁
315530,109,21,28,家政,361,林佳汶
315654,112,25,28,家政,361,林佳汶
315775,115,26,28,家政,361,林佳汶
315892,118,23,28,家政,361,林佳汶
316131,124,22,28,家政,361,林佳汶
316413,131,24,28,家政,361,林佳汶
315837,116,54,28,家政,227,江秀如
315869,117,44,28,家政,227,江秀如
316014,121,25,28,家政,227,江秀如
316064,122,37,28,家政,227,江秀如
316120,123,57,28,家政,227,江秀如
316186,125,41,28,家政,227,江秀如
316239,126,56,28,家政,227,江秀如
316260,127,33,28,家政,227,江秀如
316292,128,23,28,家政,227,江秀如
316356,129,53,28,家政,227,江秀如
316371,130,22,28,家政,227,江秀如
316468,132,43,28,家政,227,江秀如
316058,122,31,1,班級輔導,223,蘇婉亭
316538,202,31,1,班級輔導,166,蘇育賢
317698,231,31,1,班級輔導,195,魏黛伊
316138,124,31,1,班級輔導,225,顏妤婷
316098,123,31,1,班級輔導,224,鍾曜丞
316418,131,31,1,班級輔導,232,謝耀瑩
316778,208,31,1,班級輔導,172,謝嘉純
318418,312,31,1,班級輔導,141,謝宗益
316858,210,31,1,班級輔導,174,謝佩珊
316618,204,31,1,班級輔導,168,薛名坊
318338,310,31,1,班級輔導,139,戴月祝
315978,120,31,1,班級輔導,221,賴馨平
315818,116,31,1,班級輔導,217,賴進興
317618,229,31,1,班級輔導,193,蕭靜芬
316978,213,31,1,班級輔導,177,鄭喬逢
317098,216,31,1,班級輔導,180,鄭家禎
316818,209,31,1,班級輔導,173,鄭川維
317738,232,31,1,班級輔導,196,鄧潔梨
315338,104,31,1,班級輔導,205,蔡鳳女英
318018,302,31,1,班級輔導,131,蔡家姍
315898,118,31,1,班級輔導,219,蔡青芸
317898,236,31,1,班級輔導,200,蔡孟璋
316578,203,31,1,班級輔導,167,蔡孟純
317578,228,31,1,班級輔導,192,蔡孟怡
317498,226,31,1,班級輔導,190,劉慧芬
318738,320,31,1,班級輔導,149,劉嘉怡
318258,308,31,1,班級輔導,137,葉瓊瑤
316938,212,31,1,班級輔導,176,葉芳儀
317858,235,31,1,班級輔導,199,葉乃菁
317818,234,31,1,班級輔導,198,楊曉琪
317338,222,31,1,班級輔導,186,楊淨妃
315298,103,31,1,班級輔導,204,楊迺芳
317378,223,31,1,班級輔導,187,楊明燕
315538,109,31,1,班級輔導,210,楊念湘
319338,335,31,1,班級輔導,164,黃麗如
318978,326,31,1,班級輔導,155,黃靜娟
317538,227,31,1,班級輔導,191,黃慧綺
318458,313,31,1,班級輔導,142,黃運花
318498,314,31,1,班級輔導,143,黃雅玲
317138,217,31,1,班級輔導,181,黃純滿
316298,128,31,1,班級輔導,229,黃建憲
315418,106,31,1,班級輔導,207,黃玫菁
315258,102,31,1,班級輔導,203,黃怡綸
315618,111,31,1,班級輔導,212,黃宗賢
315498,108,31,1,班級輔導,209,黃吉楠
318898,324,31,1,班級輔導,153,黃子銘
317018,214,31,1,班級輔導,178,曾揚容
317418,224,31,1,班級輔導,188,曾昭賢
318378,311,31,1,班級輔導,140,陳霈瑜
317458,225,31,1,班級輔導,189,陳慧娟
317778,233,31,1,班級輔導,197,陳慕凡
315658,112,31,1,班級輔導,213,陳禎芳
319018,327,31,1,班級輔導,156,陳詩雯
318138,305,31,1,班級輔導,134,陳菀雯
318058,303,31,1,班級輔導,132,陳惠慈
316018,121,31,1,班級輔導,222,陳淑貞
317658,230,31,1,班級輔導,194,陳崇蘭
319178,331,31,1,班級輔導,269,陳柄成
319218,332,31,1,班級輔導,161,陳威年
318818,322,31,1,班級輔導,151,陳冠霓
317978,301,31,1,班級輔導,130,陳信蕙
316458,132,31,1,班級輔導,233,陳俊明
319058,328,31,1,班級輔導,157,陳雨青
316658,205,31,1,班級輔導,169,陳怡雲
319258,333,31,1,班級輔導,162,陳居中
316378,130,31,1,班級輔導,231,陳玉聖
316698,206,31,1,班級輔導,170,郭瓊穗
318858,323,31,1,班級輔導,152,郭鳳茹
315218,101,31,1,班級輔導,202,郭芷佑
316178,125,31,1,班級輔導,226,許雅婷
318938,325,31,1,班級輔導,154,莊維聖
318618,317,31,1,班級輔導,146,梁景美
317938,237,31,1,班級輔導,201,張豊明
318178,306,31,1,班級輔導,135,張仰薰
318098,304,31,1,班級輔導,133,張又華
315378,105,31,1,班級輔導,206,高榛澧
315698,113,31,1,班級輔導,214,高子珊
317178,218,31,1,班級輔導,182,留一心
315458,107,31,1,班級輔導,208,紀藶真
319138,330,31,1,班級輔導,159,洪千茹
318538,315,31,1,班級輔導,144,柳碧琳
317258,220,31,1,班級輔導,184,姜閔菡
316738,207,31,1,班級輔導,171,姜佩君
316258,127,31,1,班級輔導,228,林虹均
318218,307,31,1,班級輔導,136,林欣儀
315578,110,31,1,班級輔導,211,林承穎
319298,334,31,1,班級輔導,163,林佳蓉數
318698,319,31,1,班級輔導,148,林佑靜
317298,221,31,1,班級輔導,185,林文智
315778,115,31,1,班級輔導,216,周勳彬
318658,318,31,1,班級輔導,147,周建良
318298,309,31,1,班級輔導,138,李美誼
316498,201,31,1,班級輔導,165,李昆霖
317058,215,31,1,班級輔導,179,李佩芸
319098,329,31,1,班級輔導,158,吳宜蓉
318778,321,31,1,班級輔導,150,余佳燕
317218,219,31,1,班級輔導,183,何麗香
316218,126,31,1,班級輔導,227,江秀如
316898,211,31,1,班級輔導,175,田德群
315938,119,31,1,班級輔導,220,王意淳
315738,114,31,1,班級輔導,215,王苑菘
316338,129,31,1,班級輔導,230,王秀如
318578,316,31,1,班級輔導,145,方玠仁
315858,117,31,1,班級輔導,218,方怡文
318549,315,44,18,航向全球,275,蔡佳妙
318648,318,17,18,航向全球,275,蔡佳妙
318727,320,16,18,航向全球,275,蔡佳妙
318914,324,51,18,航向全球,275,蔡佳妙
319103,329,36,18,航向全球,275,蔡佳妙
319280,333,57,18,航向全球,275,蔡佳妙
318083,304,12,18,航向全球,272,黃莉玲
318287,309,16,18,航向全球,272,黃莉玲
318435,312,52,18,航向全球,272,黃莉玲
318640,317,57,18,航向全球,272,黃莉玲
318787,321,42,18,航向全球,272,黃莉玲
318925,325,14,18,航向全球,272,黃莉玲
318159,305,56,18,航向全球,156,陳詩雯
318844,323,13,18,航向全球,156,陳詩雯
319026,327,41,18,航向全球,156,陳詩雯
319047,328,16,18,航向全球,156,陳詩雯
319176,331,27,18,航向全球,156,陳詩雯
319323,335,12,18,航向全球,156,陳詩雯
318050,303,21,18,航向全球,273,張珮琪
318270,308,45,18,航向全球,273,張珮琪
318358,310,55,18,航向全球,273,張珮琪
318491,314,22,18,航向全球,273,張珮琪
318992,326,47,18,航向全球,273,張珮琪
319307,334,42,18,航向全球,273,張珮琪
318010,302,21,18,航向全球,184,姜閔菡
318480,313,57,18,航向全球,184,姜閔菡
318712,319,47,18,航向全球,184,姜閔菡
318816,322,27,18,航向全球,184,姜閔菡
319127,330,16,18,航向全球,184,姜閔菡
317968,301,17,18,航向全球,274,朱雅鈴
318200,306,57,18,航向全球,274,朱雅鈴
318212,307,23,18,航向全球,274,朱雅鈴
318392,311,47,18,航向全球,274,朱雅鈴
318573,316,24,18,航向全球,274,朱雅鈴
319239,332,56,18,航向全球,274,朱雅鈴
315286,103,15,22,健康教育,284,謝璦如
315348,104,43,22,健康教育,284,謝璦如
315382,105,35,22,健康教育,284,謝璦如
315430,106,45,22,健康教育,284,謝璦如
315466,107,41,22,健康教育,284,謝璦如
315522,109,11,22,健康教育,284,謝璦如
315707,113,42,22,健康教育,284,謝璦如
315800,115,57,22,健康教育,284,謝璦如
316159,124,56,22,健康教育,284,謝璦如
316172,125,23,22,健康教育,284,謝璦如
316238,126,55,22,健康教育,284,謝璦如
316251,127,22,22,健康教育,284,謝璦如
316420,131,33,22,健康教育,284,謝璦如
316644,205,13,22,健康教育,284,謝璦如
316730,207,21,22,健康教育,284,謝璦如
317283,221,12,22,健康教育,284,謝璦如
317541,227,34,22,健康教育,284,謝璦如
317623,229,36,22,健康教育,284,謝璦如
318117,304,54,22,健康教育,122,賴秀惠
318558,315,55,22,健康教育,122,賴秀惠
318760,320,57,22,健康教育,122,賴秀惠
318805,322,14,22,健康教育,122,賴秀惠
318072,303,47,22,健康教育,140,陳霈瑜
318130,305,21,22,健康教育,140,陳霈瑜
318171,306,22,22,健康教育,140,陳霈瑜
318248,308,17,22,健康教育,140,陳霈瑜
318382,311,35,22,健康教育,140,陳霈瑜
318430,312,45,22,健康教育,140,陳霈瑜
318667,318,42,22,健康教育,140,陳霈瑜
318908,324,43,22,健康教育,140,陳霈瑜
319003,327,12,22,健康教育,140,陳霈瑜
319196,331,53,22,健康教育,140,陳霈瑜
319207,332,16,22,健康教育,140,陳霈瑜
319264,333,37,22,健康教育,140,陳霈瑜
316488,201,17,22,健康教育,104,陳鳳儀
316597,203,54,22,健康教育,104,陳鳳儀
316981,213,34,22,健康教育,104,陳鳳儀
317103,216,36,22,健康教育,104,陳鳳儀
317196,218,53,22,健康教育,104,陳鳳儀
315221,101,34,22,健康教育,333,梁伊邡
315243,102,12,22,健康教育,333,梁伊邡
315506,108,41,22,健康教育,335,柯宗宏
315589,110,44,22,健康教育,335,柯宗宏
315632,111,47,22,健康教育,335,柯宗宏
315663,112,36,22,健康教育,335,柯宗宏
315751,114,46,22,健康教育,335,柯宗宏
315839,116,56,22,健康教育,335,柯宗宏
315853,117,24,22,健康教育,335,柯宗宏
315918,118,55,22,健康教育,335,柯宗宏
315930,119,21,22,健康教育,335,柯宗宏
315972,120,23,22,健康教育,335,柯宗宏
316036,121,53,22,健康教育,335,柯宗宏
316061,122,34,22,健康教育,335,柯宗宏
316102,123,35,22,健康教育,335,柯宗宏
316320,128,57,22,健康教育,335,柯宗宏
316325,129,14,22,健康教育,335,柯宗宏
316387,130,42,22,健康教育,335,柯宗宏
316443,132,12,22,健康教育,335,柯宗宏
318474,313,51,22,健康教育,335,柯宗宏
318922,325,11,22,健康教育,335,柯宗宏
318980,326,33,22,健康教育,335,柯宗宏
316556,202,53,22,健康教育,282,林亭君
316611,204,22,22,健康教育,282,林亭君
316703,206,36,22,健康教育,282,林亭君
316784,208,37,22,健康教育,282,林亭君
316850,210,21,22,健康教育,282,林亭君
316886,211,15,22,健康教育,282,林亭君
317262,220,35,22,健康教育,282,林亭君
317432,224,47,22,健康教育,282,林亭君
317510,226,45,22,健康教育,282,林亭君
317589,228,44,22,健康教育,282,林亭君
317733,232,24,22,健康教育,282,林亭君
317907,236,42,22,健康教育,282,林亭君
318231,307,46,22,健康教育,282,林亭君
318878,323,55,22,健康教育,282,林亭君
319077,328,54,22,健康教育,282,林亭君
319120,329,57,22,健康教育,282,林亭君
319141,330,34,22,健康教育,282,林亭君
319314,334,51,22,健康教育,282,林亭君
319327,335,16,22,健康教育,282,林亭君
317236,219,53,22,健康教育,356,周惠芬
317395,223,52,22,健康教育,356,周惠芬
316839,209,56,22,健康教育,283,李秀珍
316958,212,55,22,健康教育,283,李秀珍
317022,214,35,22,健康教育,283,李秀珍
317061,215,34,22,健康教育,283,李秀珍
317133,217,24,22,健康教育,283,李秀珍
317343,222,36,22,健康教育,283,李秀珍
317444,225,13,22,健康教育,283,李秀珍
317674,230,51,22,健康教育,283,李秀珍
317682,231,11,22,健康教育,283,李秀珍
317787,233,42,22,健康教育,283,李秀珍
317831,234,46,22,健康教育,283,李秀珍
317875,235,52,22,健康教育,283,李秀珍
317950,237,45,22,健康教育,283,李秀珍
317988,301,43,22,健康教育,283,李秀珍
318040,302,57,22,健康教育,283,李秀珍
318290,309,21,22,健康教育,283,李秀珍
318352,310,47,22,健康教育,283,李秀珍
318483,314,12,22,健康教育,283,李秀珍
318580,316,33,22,健康教育,283,李秀珍
318624,317,37,22,健康教育,283,李秀珍
318692,319,23,22,健康教育,283,李秀珍
318786,321,41,22,健康教育,283,李秀珍
318645,318,14,3,國文,105,顏廷晉
318656,318,27,3,國文,105,顏廷晉
318670,318,45,3,國文,105,顏廷晉
318671,318,46,3,國文,105,顏廷晉
318675,318,52,3,國文,105,顏廷晉
315727,114,16,3,國文,224,鍾曜丞
315734,114,25,3,國文,224,鍾曜丞
315741,114,34,3,國文,224,鍾曜丞
315748,114,43,3,國文,224,鍾曜丞
315755,114,52,3,國文,224,鍾曜丞
316084,123,13,3,國文,224,鍾曜丞
316095,123,26,3,國文,224,鍾曜丞
316104,123,37,3,國文,224,鍾曜丞
316112,123,47,3,國文,224,鍾曜丞
316117,123,54,3,國文,224,鍾曜丞
315485,108,14,3,國文,238,謝錦珠
315495,108,26,3,國文,238,謝錦珠
315502,108,35,3,國文,238,謝錦珠
315509,108,44,3,國文,238,謝錦珠
315515,108,52,3,國文,238,謝錦珠
316966,213,15,3,國文,238,謝錦珠
316971,213,22,3,國文,238,謝錦珠
316984,213,37,3,國文,238,謝錦珠
316986,213,41,3,國文,238,謝錦珠
316997,213,54,3,國文,238,謝錦珠
317042,215,11,3,國文,238,謝錦珠
317056,215,27,3,國文,238,謝錦珠
317060,215,33,3,國文,238,謝錦珠
317070,215,45,3,國文,238,謝錦珠
317074,215,51,3,國文,238,謝錦珠
318330,310,21,3,國文,139,戴月祝
318343,310,36,3,國文,139,戴月祝
318346,310,41,3,國文,139,戴月祝
318356,310,53,3,國文,139,戴月祝
318357,310,54,3,國文,139,戴月祝
318962,326,11,3,國文,139,戴月祝
318975,326,26,3,國文,139,戴月祝
318976,326,27,3,國文,139,戴月祝
318979,326,32,3,國文,139,戴月祝
318989,326,44,3,國文,139,戴月祝
315965,120,14,3,國文,221,賴馨平
315976,120,27,3,國文,221,賴馨平
315980,120,33,3,國文,221,賴馨平
315990,120,45,3,國文,221,賴馨平
315995,120,52,3,國文,221,賴馨平
316162,125,11,3,國文,221,賴馨平
316167,125,16,3,國文,221,賴馨平
316171,125,22,3,國文,221,賴馨平
316191,125,46,3,國文,221,賴馨平
316197,125,54,3,國文,221,賴馨平
316808,209,17,3,國文,173,鄭川維
316812,209,23,3,國文,173,鄭川維
316820,209,33,3,國文,173,鄭川維
316830,209,45,3,國文,173,鄭川維
316837,209,54,3,國文,173,鄭川維
317726,232,15,3,國文,173,鄭川維
317731,232,22,3,國文,173,鄭川維
317742,232,35,3,國文,173,鄭川維
317746,232,41,3,國文,173,鄭川維
317755,232,52,3,國文,173,鄭川維
317693,231,24,3,國文,120,蔡惠雅
317699,231,32,3,國文,120,蔡惠雅
317709,231,44,3,國文,120,蔡惠雅
317711,231,46,3,國文,120,蔡惠雅
317715,231,52,3,國文,120,蔡惠雅
318002,302,11,3,國文,131,蔡家姍
318003,302,12,3,國文,131,蔡家姍
318023,302,36,3,國文,131,蔡家姍
318029,302,44,3,國文,131,蔡家姍
318035,302,52,3,國文,131,蔡家姍
319252,333,23,3,國文,131,蔡家姍
319261,333,34,3,國文,131,蔡家姍
319267,333,42,3,國文,131,蔡家姍
319268,333,43,3,國文,131,蔡家姍
319277,333,54,3,國文,131,蔡家姍
318722,320,11,3,國文,149,劉嘉怡
318731,320,22,3,國文,149,劉嘉怡
318747,320,42,3,國文,149,劉嘉怡
318754,320,51,3,國文,149,劉嘉怡
318755,320,52,3,國文,149,劉嘉怡
318255,308,26,3,國文,137,葉瓊瑤
318262,308,35,3,國文,137,葉瓊瑤
318271,308,46,3,國文,137,葉瓊瑤
318275,308,52,3,國文,137,葉瓊瑤
318276,308,53,3,國文,137,葉瓊瑤
318564,316,13,3,國文,137,葉瓊瑤
318565,316,14,3,國文,137,葉瓊瑤
318574,316,25,3,國文,137,葉瓊瑤
318584,316,37,3,國文,137,葉瓊瑤
318590,316,45,3,國文,137,葉瓊瑤
315446,107,15,3,國文,347,溫珮辰
315456,107,27,3,國文,347,溫珮辰
315462,107,35,3,國文,347,溫珮辰
315469,107,44,3,國文,347,溫珮辰
315478,107,55,3,國文,347,溫珮辰
319284,334,13,3,國文,347,溫珮辰
319285,334,14,3,國文,347,溫珮辰
319290,334,21,3,國文,347,溫珮辰
319299,334,32,3,國文,347,溫珮辰
319312,334,47,3,國文,347,溫珮辰
315602,111,11,3,國文,243,楊穎婷
315605,111,14,3,國文,243,楊穎婷
315623,111,36,3,國文,243,楊穎婷
315631,111,46,3,國文,243,楊穎婷
315636,111,53,3,國文,243,楊穎婷
315893,118,24,3,國文,243,楊穎婷
315896,118,27,3,國文,243,楊穎婷
315904,118,37,3,國文,243,楊穎婷
315906,118,41,3,國文,243,楊穎婷
315914,118,51,3,國文,243,楊穎婷
316923,212,12,3,國文,243,楊穎婷
316931,212,22,3,國文,243,楊穎婷
316942,212,35,3,國文,243,楊穎婷
316950,212,45,3,國文,243,楊穎婷
316957,212,54,3,國文,243,楊穎婷
315283,103,12,3,國文,204,楊迺芳
315293,103,24,3,國文,204,楊迺芳
315300,103,33,3,國文,204,楊迺芳
315307,103,42,3,國文,204,楊迺芳
315317,103,54,3,國文,204,楊迺芳
316044,122,13,3,國文,204,楊迺芳
316055,122,26,3,國文,204,楊迺芳
316062,122,35,3,國文,204,楊迺芳
316070,122,45,3,國文,204,楊迺芳
316076,122,53,3,國文,204,楊迺芳
317364,223,13,3,國文,187,楊明燕
317366,223,15,3,國文,187,楊明燕
317380,223,33,3,國文,187,楊明燕
317387,223,42,3,國文,187,楊明燕
317394,223,51,3,國文,187,楊明燕
315406,106,15,3,國文,210,楊念湘
315416,106,27,3,國文,210,楊念湘
315424,106,37,3,國文,210,楊念湘
315429,106,44,3,國文,210,楊念湘
315436,106,53,3,國文,210,楊念湘
315523,109,12,3,國文,210,楊念湘
315533,109,24,3,國文,210,楊念湘
315540,109,33,3,國文,210,楊念湘
315547,109,42,3,國文,210,楊念湘
315555,109,52,3,國文,210,楊念湘
318365,311,14,3,國文,164,黃麗如
318373,311,24,3,國文,164,黃麗如
318383,311,36,3,國文,164,黃麗如
318384,311,37,3,國文,164,黃麗如
318386,311,41,3,國文,164,黃麗如
319328,335,17,3,國文,164,黃麗如
319330,335,21,3,國文,164,黃麗如
319341,335,34,3,國文,164,黃麗如
319351,335,46,3,國文,164,黃麗如
319355,335,52,3,國文,164,黃麗如
316643,205,12,3,國文,191,黃慧綺
316654,205,25,3,國文,191,黃慧綺
316659,205,32,3,國文,191,黃慧綺
316668,205,43,3,國文,191,黃慧綺
316677,205,54,3,國文,191,黃慧綺
317524,227,13,3,國文,191,黃慧綺
317532,227,23,3,國文,191,黃慧綺
317544,227,37,3,國文,191,黃慧綺
317550,227,45,3,國文,191,黃慧綺
317554,227,51,3,國文,191,黃慧綺
318443,313,12,3,國文,142,黃運花
318452,313,23,3,國文,142,黃運花
318460,313,33,3,國文,142,黃運花
318476,313,53,3,國文,142,黃運花
318477,313,54,3,國文,142,黃運花
319122,330,11,3,國文,142,黃運花
319131,330,22,3,國文,142,黃運花
319134,330,25,3,國文,142,黃運花
319148,330,43,3,國文,142,黃運花
319154,330,51,3,國文,142,黃運花
318492,314,23,3,國文,143,黃雅玲
318493,314,24,3,國文,143,黃雅玲
318504,314,37,3,國文,143,黃雅玲
318507,314,42,3,國文,143,黃雅玲
318515,314,52,3,國文,143,黃雅玲
318936,325,27,3,國文,143,黃雅玲
318940,325,33,3,國文,143,黃雅玲
318941,325,34,3,國文,143,黃雅玲
318948,325,43,3,國文,143,黃雅玲
318956,325,53,3,國文,143,黃雅玲
316005,121,14,3,國文,229,黃建憲
316016,121,27,3,國文,229,黃建憲
316022,121,35,3,國文,229,黃建憲
316030,121,45,3,國文,229,黃建憲
316034,121,51,3,國文,229,黃建憲
316282,128,11,3,國文,229,黃建憲
316293,128,24,3,國文,229,黃建憲
316303,128,36,3,國文,229,黃建憲
316308,128,43,3,國文,229,黃建憲
316316,128,53,3,國文,229,黃建憲
315323,104,12,3,國文,239,黃奕寧
315332,104,23,3,國文,239,黃奕寧
315343,104,36,3,國文,239,黃奕寧
315344,104,37,3,國文,239,黃奕寧
315357,104,54,3,國文,239,黃奕寧
317085,216,14,3,國文,239,黃奕寧
317096,216,27,3,國文,239,黃奕寧
317100,216,33,3,國文,239,黃奕寧
317111,216,46,3,國文,239,黃奕寧
317115,216,52,3,國文,239,黃奕寧
317244,220,13,3,國文,239,黃奕寧
317253,220,24,3,國文,239,黃奕寧
317259,220,32,3,國文,239,黃奕寧
317270,220,45,3,國文,239,黃奕寧
317274,220,51,3,國文,239,黃奕寧
318802,322,11,3,國文,235,黃小宜
318813,322,24,3,國文,235,黃小宜
318822,322,35,3,國文,235,黃小宜
318823,322,36,3,國文,235,黃小宜
318837,322,54,3,國文,235,黃小宜
319084,329,13,3,國文,235,黃小宜
319091,329,22,3,國文,235,黃小宜
319107,329,42,3,國文,235,黃小宜
319108,329,43,3,國文,235,黃小宜
319114,329,51,3,國文,235,黃小宜
316126,124,15,3,國文,329,馮意庭
316133,124,24,3,國文,329,馮意庭
316141,124,34,3,國文,329,馮意庭
316151,124,46,3,國文,329,馮意庭
316154,124,51,3,國文,329,馮意庭
317608,229,17,3,國文,329,馮意庭
317616,229,27,3,國文,329,馮意庭
317620,229,33,3,國文,329,馮意庭
317628,229,43,3,國文,329,馮意庭
317635,229,52,3,國文,329,馮意庭
317805,234,14,3,國文,329,馮意庭
317812,234,23,3,國文,329,馮意庭
317824,234,37,3,國文,329,馮意庭
317832,234,47,3,國文,329,馮意庭
317837,234,54,3,國文,329,馮意庭
317004,214,13,3,國文,178,曾揚容
317011,214,22,3,國文,178,曾揚容
317019,214,32,3,國文,178,曾揚容
317027,214,42,3,國文,178,曾揚容
317034,214,51,3,國文,178,曾揚容
317848,235,17,3,國文,178,曾揚容
317856,235,27,3,國文,178,曾揚容
317863,235,36,3,國文,178,曾揚容
317872,235,47,3,國文,178,曾揚容
317877,235,54,3,國文,178,曾揚容
315806,116,15,3,國文,240,傅怡菁
315813,116,24,3,國文,240,傅怡菁
315822,116,35,3,國文,240,傅怡菁
315830,116,45,3,國文,240,傅怡菁
315835,116,52,3,國文,240,傅怡菁
317644,230,13,3,國文,240,傅怡菁
317655,230,26,3,國文,240,傅怡菁
317661,230,34,3,國文,240,傅怡菁
317669,230,44,3,國文,240,傅怡菁
317676,230,53,3,國文,240,傅怡菁
317768,233,17,3,國文,240,傅怡菁
317771,233,22,3,國文,240,傅怡菁
317783,233,36,3,國文,240,傅怡菁
317791,233,46,3,國文,240,傅怡菁
317797,233,54,3,國文,240,傅怡菁
316684,206,13,3,國文,236,陳儒瑩
316692,206,23,3,國文,236,陳儒瑩
316702,206,35,3,國文,236,陳儒瑩
316706,206,41,3,國文,236,陳儒瑩
316716,206,53,3,國文,236,陳儒瑩
318282,309,11,3,國文,236,陳儒瑩
318296,309,27,3,國文,236,陳儒瑩
318303,309,36,3,國文,236,陳儒瑩
318309,309,44,3,國文,236,陳儒瑩
318317,309,54,3,國文,236,陳儒瑩
317450,225,21,3,國文,189,陳慧娟
317453,225,24,3,國文,189,陳慧娟
317464,225,37,3,國文,189,陳慧娟
317466,225,41,3,國文,189,陳慧娟
317475,225,52,3,國文,189,陳慧娟
317886,236,15,3,國文,189,陳慧娟
317891,236,22,3,國文,189,陳慧娟
317899,236,32,3,國文,189,陳慧娟
317910,236,45,3,國文,189,陳慧娟
317916,236,53,3,國文,189,陳慧娟
318043,303,12,3,國文,132,陳惠慈
318055,303,26,3,國文,132,陳惠慈
318056,303,27,3,國文,132,陳惠慈
318069,303,44,3,國文,132,陳惠慈
318077,303,54,3,國文,132,陳惠慈
318524,315,13,3,國文,132,陳惠慈
318532,315,23,3,國文,132,陳惠慈
318541,315,34,3,國文,132,陳惠慈
318552,315,47,3,國文,132,陳惠慈
318556,315,53,3,國文,132,陳惠慈
315933,119,24,3,國文,244,陳姿穎
315935,119,26,3,國文,244,陳姿穎
315944,119,37,3,國文,244,陳姿穎
315950,119,45,3,國文,244,陳姿穎
315957,119,54,3,國文,244,陳姿穎
316606,204,15,3,國文,244,陳姿穎
316614,204,25,3,國文,244,陳姿穎
316622,204,35,3,國文,244,陳姿穎
316626,204,41,3,國文,244,陳姿穎
316634,204,51,3,國文,244,陳姿穎
317124,217,13,3,國文,244,陳姿穎
317131,217,22,3,國文,244,陳姿穎
317139,217,32,3,國文,244,陳姿穎
317147,217,42,3,國文,244,陳姿穎
317156,217,53,3,國文,244,陳姿穎
317962,301,11,3,國文,130,陳信蕙
317963,301,12,3,國文,130,陳信蕙
317983,301,36,3,國文,130,陳信蕙
317989,301,44,3,國文,130,陳信蕙
317992,301,47,3,國文,130,陳信蕙
319165,331,14,3,國文,130,陳信蕙
319174,331,25,3,國文,130,陳信蕙
319175,331,26,3,國文,130,陳信蕙
319179,331,32,3,國文,130,陳信蕙
319188,331,43,3,國文,130,陳信蕙
317332,222,23,3,國文,101,陳俊豪
317342,222,35,3,國文,101,陳俊豪
317346,222,41,3,國文,101,陳俊豪
317349,222,44,3,國文,101,陳俊豪
317357,222,54,3,國文,101,陳俊豪
318616,317,27,3,國文,157,陳雨青
318622,317,35,3,國文,157,陳雨青
318623,317,36,3,國文,157,陳雨青
318629,317,44,3,國文,157,陳雨青
318637,317,54,3,國文,157,陳雨青
319052,328,23,3,國文,157,陳雨青
319053,328,24,3,國文,157,陳雨青
319059,328,32,3,國文,157,陳雨青
319070,328,45,3,國文,157,陳雨青
319076,328,53,3,國文,157,陳雨青
318163,306,12,3,國文,135,張仰薰
318164,306,13,3,國文,135,張仰薰
318176,306,27,3,國文,135,張仰薰
318183,306,36,3,國文,135,張仰薰
318196,306,53,3,國文,135,張仰薰
318085,304,14,3,國文,133,張又華
318090,304,21,3,國文,133,張又華
318091,304,22,3,國文,133,張又華
318103,304,36,3,國文,133,張又華
318111,304,46,3,國文,133,張又華
319203,332,12,3,國文,133,張又華
319219,332,32,3,國文,133,張又華
319226,332,41,3,國文,133,張又華
319235,332,52,3,國文,133,張又華
319236,332,53,3,國文,133,張又華
315247,102,16,3,國文,206,高榛澧
315251,102,22,3,國文,206,高榛澧
315255,102,26,3,國文,206,高榛澧
315263,102,36,3,國文,206,高榛澧
315270,102,45,3,國文,206,高榛澧
315363,105,12,3,國文,206,高榛澧
315373,105,24,3,國文,206,高榛澧
315380,105,33,3,國文,206,高榛澧
315387,105,42,3,國文,206,高榛澧
315395,105,52,3,國文,206,高榛澧
316564,203,13,3,國文,182,留一心
316572,203,23,3,國文,182,留一心
316581,203,34,3,國文,182,留一心
316592,203,47,3,國文,182,留一心
316594,203,51,3,國文,182,留一心
317165,218,14,3,國文,182,留一心
317171,218,22,3,國文,182,留一心
317180,218,33,3,國文,182,留一心
317189,218,44,3,國文,182,留一心
317195,218,52,3,國文,182,留一心
316522,202,11,3,國文,171,姜佩君
316533,202,24,3,國文,171,姜佩君
316544,202,37,3,國文,171,姜佩君
316548,202,43,3,國文,171,姜佩君
316557,202,54,3,國文,171,姜佩君
316723,207,12,3,國文,171,姜佩君
316736,207,27,3,國文,171,姜佩君
316740,207,33,3,國文,171,姜佩君
316746,207,41,3,國文,171,姜佩君
316755,207,52,3,國文,171,姜佩君
318404,312,13,3,國文,328,姚杏諺
318424,312,37,3,國文,328,姚杏諺
318428,312,43,3,國文,328,姚杏諺
318436,312,53,3,國文,328,姚杏諺
318437,312,54,3,國文,328,姚杏諺
318894,324,25,3,國文,328,姚杏諺
318902,324,35,3,國文,328,姚杏諺
318903,324,36,3,國文,328,姚杏諺
318909,324,44,3,國文,328,姚杏諺
318915,324,52,3,國文,328,姚杏諺
319005,327,14,3,國文,328,姚杏諺
319011,327,22,3,國文,328,姚杏諺
319012,327,23,3,國文,328,姚杏諺
319020,327,33,3,國文,328,姚杏諺
319030,327,45,3,國文,328,姚杏諺
316765,208,14,3,國文,237,林倖微
316773,208,24,3,國文,237,林倖微
316783,208,36,3,國文,237,林倖微
316792,208,47,3,國文,237,林倖微
316797,208,54,3,國文,237,林倖微
315764,115,13,3,國文,228,林虹均
315766,115,15,3,國文,228,林虹均
315780,115,33,3,國文,228,林虹均
315791,115,46,3,國文,228,林虹均
315796,115,53,3,國文,228,林虹均
316243,127,12,3,國文,228,林虹均
316253,127,24,3,國文,228,林虹均
316262,127,35,3,國文,228,林虹均
316268,127,43,3,國文,228,林虹均
316275,127,52,3,國文,228,林虹均
315845,117,14,3,國文,242,林金桃
315855,117,26,3,國文,242,林金桃
315861,117,34,3,國文,242,林金桃
315871,117,46,3,國文,242,林金桃
315876,117,53,3,國文,242,林金桃
316446,132,15,3,國文,242,林金桃
316451,132,22,3,國文,242,林金桃
316463,132,36,3,國文,242,林金桃
316469,132,44,3,國文,242,林金桃
316477,132,54,3,國文,242,林金桃
316888,211,17,3,國文,242,林金桃
316893,211,24,3,國文,242,林金桃
316902,211,35,3,國文,242,林金桃
316906,211,41,3,國文,242,林金桃
316914,211,51,3,國文,242,林金桃
318764,321,13,3,國文,345,林昕儀
318772,321,23,3,國文,345,林昕儀
318774,321,25,3,國文,345,林昕儀
318779,321,32,3,國文,345,林昕儀
318789,321,44,3,國文,345,林昕儀
318845,323,14,3,國文,345,林昕儀
318853,323,24,3,國文,345,林昕儀
318863,323,36,3,國文,345,林昕儀
318864,323,37,3,國文,345,林昕儀
318868,323,43,3,國文,345,林昕儀
315567,110,16,3,國文,211,林承穎
315574,110,25,3,國文,211,林承穎
315581,110,34,3,國文,211,林承穎
315590,110,45,3,國文,211,林承穎
315595,110,52,3,國文,211,林承穎
316205,126,14,3,國文,211,林承穎
316215,126,26,3,國文,211,林承穎
316224,126,37,3,國文,211,林承穎
316231,126,46,3,國文,211,林承穎
316234,126,51,3,國文,211,林承穎
318123,305,12,3,國文,148,林佑靜
318132,305,23,3,國文,148,林佑靜
318152,305,47,3,國文,148,林佑靜
318155,305,52,3,國文,148,林佑靜
318156,305,53,3,國文,148,林佑靜
318684,319,13,3,國文,148,林佑靜
318694,319,25,3,國文,148,林佑靜
318700,319,33,3,國文,148,林佑靜
318701,319,34,3,國文,148,林佑靜
318708,319,43,3,國文,148,林佑靜
318203,307,12,3,國文,113,卓芸貞
318223,307,36,3,國文,113,卓芸貞
318224,307,37,3,國文,113,卓芸貞
318229,307,44,3,國文,113,卓芸貞
318235,307,52,3,國文,113,卓芸貞
317563,228,12,3,國文,118,沈宣夙
317575,228,26,3,國文,118,沈宣夙
317579,228,32,3,國文,118,沈宣夙
317587,228,42,3,國文,118,沈宣夙
317592,228,47,3,國文,118,沈宣夙
317925,237,14,3,國文,118,沈宣夙
317931,237,22,3,國文,118,沈宣夙
317942,237,35,3,國文,118,沈宣夙
317951,237,46,3,國文,118,沈宣夙
317954,237,51,3,國文,118,沈宣夙
315644,112,13,3,國文,330,李嘉偉
315652,112,23,3,國文,330,李嘉偉
315661,112,34,3,國文,330,李嘉偉
315669,112,44,3,國文,330,李嘉偉
315672,112,47,3,國文,330,李嘉偉
316846,210,15,3,國文,330,李嘉偉
316853,210,24,3,國文,330,李嘉偉
316860,210,33,3,國文,330,李嘉偉
316870,210,45,3,國文,330,李嘉偉
316876,210,53,3,國文,330,李嘉偉
315687,113,16,3,國文,234,李玉薇
315694,113,25,3,國文,234,李玉薇
315704,113,37,3,國文,234,李玉薇
315708,113,43,3,國文,234,李玉薇
315717,113,54,3,國文,234,李玉薇
316402,131,11,3,國文,234,李玉薇
316411,131,22,3,國文,234,李玉薇
316416,131,27,3,國文,234,李玉薇
316422,131,35,3,國文,234,李玉薇
316430,131,45,3,國文,234,李玉薇
317484,226,13,3,國文,234,李玉薇
317490,226,21,3,國文,234,李玉薇
317501,226,34,3,國文,234,李玉薇
317512,226,47,3,國文,234,李玉薇
317516,226,53,3,國文,234,李玉薇
316366,130,15,3,國文,241,吳淑華
316376,130,27,3,國文,241,吳淑華
316382,130,35,3,國文,241,吳淑華
316389,130,44,3,國文,241,吳淑華
316397,130,54,3,國文,241,吳淑華
317285,221,14,3,國文,241,吳淑華
317292,221,23,3,國文,241,吳淑華
317304,221,37,3,國文,241,吳淑華
317311,221,46,3,國文,241,吳淑華
317316,221,53,3,國文,241,吳淑華
317408,224,17,3,國文,241,吳淑華
317410,224,21,3,國文,241,吳淑華
317420,224,33,3,國文,241,吳淑華
317430,224,45,3,國文,241,吳淑華
317434,224,51,3,國文,241,吳淑華
316485,201,14,3,國文,183,何麗香
316494,201,25,3,國文,183,何麗香
316503,201,36,3,國文,183,何麗香
316507,201,42,3,國文,183,何麗香
316514,201,51,3,國文,183,何麗香
317208,219,17,3,國文,183,何麗香
317216,219,27,3,國文,183,何麗香
317222,219,35,3,國文,183,何麗香
317228,219,43,3,國文,183,何麗香
317237,219,54,3,國文,183,何麗香
315207,101,16,3,國文,230,王秀如
315216,101,27,3,國文,230,王秀如
315220,101,33,3,國文,230,王秀如
315230,101,45,3,國文,230,王秀如
315234,101,51,3,國文,230,王秀如
316326,129,15,3,國文,230,王秀如
316334,129,25,3,國文,230,王秀如
316342,129,35,3,國文,230,王秀如
316347,129,42,3,國文,230,王秀如
316357,129,54,3,國文,230,王秀如
318665,318,38,5,國文輔導,105,顏廷晉
315737,114,28,5,國文輔導,224,鍾曜丞
316105,123,38,5,國文輔導,224,鍾曜丞
315513,108,48,5,國文輔導,238,謝錦珠
316977,213,28,5,國文輔導,238,謝錦珠
317049,215,18,5,國文輔導,238,謝錦珠
318329,310,18,5,國文輔導,139,戴月祝
319001,326,58,5,國文輔導,139,戴月祝
315985,120,38,5,國文輔導,221,賴馨平
316177,125,28,5,國文輔導,221,賴馨平
316833,209,48,5,國文輔導,173,鄭川維
317761,232,58,5,國文輔導,173,鄭川維
317689,231,18,5,國文輔導,120,蔡惠雅
318017,302,28,5,國文輔導,131,蔡家姍
319265,333,38,5,國文輔導,131,蔡家姍
318745,320,38,5,國文輔導,149,劉嘉怡
318257,308,28,5,國文輔導,137,葉瓊瑤
318593,316,48,5,國文輔導,137,葉瓊瑤
315465,107,38,5,國文輔導,347,溫珮辰
319297,334,28,5,國文輔導,347,溫珮辰
315617,111,28,5,國文輔導,243,楊穎婷
315921,118,58,5,國文輔導,243,楊穎婷
316953,212,48,5,國文輔導,243,楊穎婷
315305,103,38,5,國文輔導,204,楊迺芳
316057,122,28,5,國文輔導,204,楊迺芳
317377,223,28,5,國文輔導,187,楊明燕
315417,106,28,5,國文輔導,210,楊念湘
315545,109,38,5,國文輔導,210,楊念湘
318377,311,28,5,國文輔導,164,黃麗如
319361,335,58,5,國文輔導,164,黃麗如
316665,205,38,5,國文輔導,191,黃慧綺
317537,227,28,5,國文輔導,191,黃慧綺
318481,313,58,5,國文輔導,142,黃運花
319145,330,38,5,國文輔導,142,黃運花
318513,314,48,5,國文輔導,143,黃雅玲
318961,325,58,5,國文輔導,143,黃雅玲
316025,121,38,5,國文輔導,229,黃建憲
316321,128,58,5,國文輔導,229,黃建憲
315353,104,48,5,國文輔導,239,黃奕寧
317089,216,18,5,國文輔導,239,黃奕寧
317265,220,38,5,國文輔導,239,黃奕寧
318809,322,18,5,國文輔導,235,黃小宜
319097,329,28,5,國文輔導,235,黃小宜
316145,124,38,5,國文輔導,329,馮意庭
317633,229,48,5,國文輔導,329,馮意庭
317817,234,28,5,國文輔導,329,馮意庭
317041,214,58,5,國文輔導,178,曾揚容
317873,235,48,5,國文輔導,178,曾揚容
315825,116,38,5,國文輔導,240,傅怡菁
317649,230,18,5,國文輔導,240,傅怡菁
317777,233,28,5,國文輔導,240,傅怡菁
316705,206,38,5,國文輔導,236,陳儒瑩
318297,309,28,5,國文輔導,236,陳儒瑩
317449,225,18,5,國文輔導,189,陳慧娟
317913,236,48,5,國文輔導,189,陳慧娟
318065,303,38,5,國文輔導,132,陳惠慈
318553,315,48,5,國文輔導,132,陳惠慈
315937,119,28,5,國文輔導,244,陳姿穎
316625,204,38,5,國文輔導,244,陳姿穎
317129,217,18,5,國文輔導,244,陳姿穎
317977,301,28,5,國文輔導,130,陳信蕙
319169,331,18,5,國文輔導,130,陳信蕙
317337,222,28,5,國文輔導,101,陳俊豪
318633,317,48,5,國文輔導,157,陳雨青
319081,328,58,5,國文輔導,157,陳雨青
318193,306,48,5,國文輔導,135,張仰薰
318105,304,38,5,國文輔導,133,張又華
319217,332,28,5,國文輔導,133,張又華
315273,102,48,5,國文輔導,206,高榛澧
315377,105,28,5,國文輔導,206,高榛澧
316585,203,38,5,國文輔導,182,留一心
317193,218,48,5,國文輔導,182,留一心
316537,202,28,5,國文輔導,171,姜佩君
316745,207,38,5,國文輔導,171,姜佩君
318433,312,48,5,國文輔導,328,姚杏諺
318921,324,58,5,國文輔導,328,姚杏諺
319017,327,28,5,國文輔導,328,姚杏諺
316785,208,38,5,國文輔導,237,林倖微
315777,115,28,5,國文輔導,228,林虹均
316281,127,58,5,國文輔導,228,林虹均
315857,117,28,5,國文輔導,242,林金桃
316481,132,58,5,國文輔導,242,林金桃
316905,211,38,5,國文輔導,242,林金桃
318785,321,38,5,國文輔導,345,林昕儀
318857,323,28,5,國文輔導,345,林昕儀
315601,110,58,5,國文輔導,211,林承穎
316225,126,38,5,國文輔導,211,林承穎
318137,305,28,5,國文輔導,148,林佑靜
318713,319,48,5,國文輔導,148,林佑靜
318233,307,48,5,國文輔導,113,卓芸貞
317601,228,58,5,國文輔導,118,沈宣夙
317945,237,38,5,國文輔導,118,沈宣夙
315681,112,58,5,國文輔導,330,李嘉偉
316873,210,48,5,國文輔導,330,李嘉偉
315705,113,38,5,國文輔導,234,李玉薇
316433,131,48,5,國文輔導,234,李玉薇
317521,226,58,5,國文輔導,234,李玉薇
316401,130,58,5,國文輔導,241,吳淑華
317297,221,28,5,國文輔導,241,吳淑華
317433,224,48,5,國文輔導,241,吳淑華
316497,201,28,5,國文輔導,183,何麗香
317225,219,38,5,國文輔導,183,何麗香
315217,101,28,5,國文輔導,230,王秀如
316345,129,38,5,國文輔導,230,王秀如
317284,221,13,14,理化,141,謝宗益
317312,221,47,14,理化,141,謝宗益
317314,221,51,14,理化,141,謝宗益
317454,225,25,14,理化,141,謝宗益
317470,225,45,14,理化,141,謝宗益
317480,225,57,14,理化,141,謝宗益
317766,233,15,14,理化,141,謝宗益
317781,233,34,14,理化,141,謝宗益
317788,233,43,14,理化,141,謝宗益
318416,312,27,14,理化,141,謝宗益
318419,312,32,14,理化,141,謝宗益
318427,312,42,14,理化,141,謝宗益
318013,302,24,14,理化,353,賴冠廷
318019,302,32,14,理化,353,賴冠廷
318032,302,47,14,理化,353,賴冠廷
318612,317,23,14,理化,353,賴冠廷
318620,317,33,14,理化,353,賴冠廷
318627,317,42,14,理化,353,賴冠廷
317615,229,26,14,理化,193,蕭靜芬
317627,229,42,14,理化,193,蕭靜芬
317634,229,51,14,理化,193,蕭靜芬
317974,301,25,14,理化,193,蕭靜芬
317979,301,32,14,理化,193,蕭靜芬
317991,301,46,14,理化,193,蕭靜芬
318220,307,33,14,理化,193,蕭靜芬
318226,307,41,14,理化,193,蕭靜芬
318238,307,55,14,理化,193,蕭靜芬
316484,201,13,14,理化,334,盧錦雲
316509,201,44,14,理化,334,盧錦雲
316517,201,54,14,理化,334,盧錦雲
317021,214,34,14,理化,334,盧錦雲
317030,214,45,14,理化,334,盧錦雲
317036,214,53,14,理化,334,盧錦雲
317252,220,23,14,理化,334,盧錦雲
317268,220,43,14,理化,334,盧錦雲
317278,220,55,14,理化,334,盧錦雲
318122,305,11,14,理化,334,盧錦雲
318131,305,22,14,理化,334,盧錦雲
318147,305,42,14,理化,334,盧錦雲
318570,316,21,14,理化,334,盧錦雲
318579,316,32,14,理化,334,盧錦雲
318600,316,57,14,理化,334,盧錦雲
316925,212,14,14,理化,270,鄭騏樑
316951,212,46,14,理化,270,鄭騏樑
316954,212,51,14,理化,270,鄭騏樑
317220,219,33,14,理化,270,鄭騏樑
317226,219,41,14,理化,270,鄭騏樑
317240,219,57,14,理化,270,鄭騏樑
317522,227,11,14,理化,270,鄭騏樑
317530,227,21,14,理化,270,鄭騏樑
317558,227,55,14,理化,270,鄭騏樑
317695,231,26,14,理化,270,鄭騏樑
317710,231,45,14,理化,270,鄭騏樑
317716,231,53,14,理化,270,鄭騏樑
317846,235,15,14,理化,270,鄭騏樑
317853,235,24,14,理化,270,鄭騏樑
317869,235,44,14,理化,270,鄭騏樑
317046,215,15,14,理化,196,鄧潔梨
317051,215,22,14,理化,196,鄧潔梨
317075,215,52,14,理化,196,鄧潔梨
317740,232,33,14,理化,196,鄧潔梨
317750,232,45,14,理化,196,鄧潔梨
317759,232,56,14,理化,196,鄧潔梨
318052,303,23,14,理化,196,鄧潔梨
318059,303,32,14,理化,196,鄧潔梨
318071,303,46,14,理化,196,鄧潔梨
317372,223,23,14,理化,268,蔣宜君
317392,223,47,14,理化,268,蔣宜君
317399,223,56,14,理化,268,蔣宜君
318256,308,27,14,理化,268,蔣宜君
318266,308,41,14,理化,268,蔣宜君
318278,308,55,14,理化,268,蔣宜君
318288,309,17,14,理化,268,蔣宜君
318293,309,24,14,理化,268,蔣宜君
318315,309,52,14,理化,268,蔣宜君
318322,310,11,14,理化,268,蔣宜君
318334,310,25,14,理化,268,蔣宜君
318347,310,42,14,理化,268,蔣宜君
318490,314,21,14,理化,268,蔣宜君
318501,314,34,14,理化,268,蔣宜君
318509,314,44,14,理化,268,蔣宜君
316976,213,27,14,理化,219,蔡青芸
316980,213,33,14,理化,219,蔡青芸
316989,213,44,14,理化,219,蔡青芸
318972,326,23,14,理化,219,蔡青芸
318981,326,34,14,理化,219,蔡青芸
318998,326,55,14,理化,219,蔡青芸
319333,335,24,14,理化,219,蔡青芸
319352,335,47,14,理化,219,蔡青芸
319360,335,57,14,理化,219,蔡青芸
316726,207,15,14,理化,198,楊曉琪
316731,207,22,14,理化,198,楊曉琪
316752,207,47,14,理化,198,楊曉琪
317163,218,12,14,理化,198,楊曉琪
317176,218,27,14,理化,198,楊曉琪
317190,218,45,14,理化,198,楊曉琪
317802,234,11,14,理化,198,楊曉琪
317819,234,32,14,理化,198,楊曉琪
317826,234,41,14,理化,198,楊曉琪
316526,202,15,14,理化,203,黃怡綸
316530,202,21,14,理化,203,黃怡綸
316552,202,47,14,理化,203,黃怡綸
318536,315,27,14,理化,203,黃怡綸
318546,315,41,14,理化,203,黃怡綸
318557,315,54,14,理化,203,黃怡綸
318821,322,34,14,理化,203,黃怡綸
318828,322,43,14,理化,203,黃怡綸
318834,322,51,14,理化,203,黃怡綸
317922,237,11,14,理化,209,黃吉楠
317930,237,21,14,理化,209,黃吉楠
317941,237,34,14,理化,209,黃吉楠
319014,327,25,14,理化,209,黃吉楠
319034,327,51,14,理化,209,黃吉楠
319035,327,52,14,理化,209,黃吉楠
319124,330,13,14,理化,209,黃吉楠
319135,330,26,14,理化,209,黃吉楠
319146,330,41,14,理化,209,黃吉楠
317413,224,24,14,理化,188,曾昭賢
317427,224,42,14,理化,188,曾昭賢
317440,224,57,14,理化,188,曾昭賢
318685,319,14,14,理化,188,曾昭賢
318691,319,22,14,理化,188,曾昭賢
318718,319,55,14,理化,188,曾昭賢
318762,321,11,14,理化,188,曾昭賢
318781,321,34,14,理化,188,曾昭賢
318791,321,46,14,理化,188,曾昭賢
316763,208,12,14,理化,269,陳柄成
316788,208,43,14,理化,269,陳柄成
316800,208,57,14,理化,269,陳柄成
318451,313,22,14,理化,269,陳柄成
318470,313,45,14,理化,269,陳柄成
318475,313,52,14,理化,269,陳柄成
318724,320,13,14,理化,269,陳柄成
318735,320,26,14,理化,269,陳柄成
318739,320,32,14,理化,269,陳柄成
319162,331,11,14,理化,269,陳柄成
319172,331,23,14,理化,269,陳柄成
319187,331,42,14,理化,269,陳柄成
319294,334,25,14,理化,269,陳柄成
319300,334,33,14,理化,269,陳柄成
319317,334,54,14,理化,269,陳柄成
317324,222,13,14,理化,233,陳俊明
317334,222,25,14,理化,233,陳俊明
317350,222,45,14,理化,233,陳俊明
317646,230,15,14,理化,233,陳俊明
317652,230,23,14,理化,233,陳俊明
317680,230,57,14,理化,233,陳俊明
318371,311,22,14,理化,233,陳俊明
318380,311,33,14,理化,233,陳俊明
318391,311,46,14,理化,233,陳俊明
318100,304,33,14,理化,162,陳居中
318108,304,43,14,理化,162,陳居中
318115,304,52,14,理化,162,陳居中
319096,329,27,14,理化,162,陳居中
319101,329,34,14,理化,162,陳居中
319111,329,46,14,理化,162,陳居中
319205,332,14,14,理化,162,陳居中
319212,332,23,14,理化,162,陳居中
319237,332,54,14,理化,162,陳居中
319243,333,12,14,理化,162,陳居中
319254,333,25,14,理化,162,陳居中
319279,333,56,14,理化,162,陳居中
316804,209,13,14,理化,202,郭芷佑
316829,209,44,14,理化,202,郭芷佑
316836,209,53,14,理化,202,郭芷佑
317135,217,26,14,理化,202,郭芷佑
317152,217,47,14,理化,202,郭芷佑
317157,217,54,14,理化,202,郭芷佑
317571,228,22,14,理化,202,郭芷佑
317580,228,33,14,理化,202,郭芷佑
317594,228,51,14,理化,202,郭芷佑
316603,204,12,14,理化,154,莊維聖
316619,204,32,14,理化,154,莊維聖
316636,204,53,14,理化,154,莊維聖
318934,325,25,14,理化,154,莊維聖
318955,325,52,14,理化,154,莊維聖
318959,325,56,14,理化,154,莊維聖
319042,328,11,14,理化,154,莊維聖
319060,328,33,14,理化,154,莊維聖
319080,328,57,14,理化,154,莊維聖
318189,306,44,14,理化,110,紀彥羽
318198,306,55,14,理化,110,紀彥羽
318199,306,56,14,理化,110,紀彥羽
318642,318,11,14,理化,147,周建良
318654,318,25,14,理化,147,周建良
318678,318,55,14,理化,147,周建良
318843,323,12,14,理化,147,周建良
318851,323,22,14,理化,147,周建良
318870,323,45,14,理化,147,周建良
318890,324,21,14,理化,147,周建良
318901,324,34,14,理化,147,周建良
318920,324,57,14,理化,147,周建良
316646,205,15,14,理化,271,李智宏
316660,205,33,14,理化,271,李智宏
316667,205,42,14,理化,271,李智宏
316842,210,11,14,理化,271,李智宏
316854,210,25,14,理化,271,李智宏
316869,210,44,14,理化,271,李智宏
316884,211,13,14,理化,271,李智宏
316911,211,46,14,理化,271,李智宏
316917,211,54,14,理化,271,李智宏
317088,216,17,14,理化,271,李智宏
317093,216,24,14,理化,271,李智宏
317110,216,45,14,理化,271,李智宏
317495,226,26,14,理化,271,李智宏
317508,226,43,14,理化,271,李智宏
317518,226,55,14,理化,271,李智宏
316563,203,12,14,理化,220,王意淳
316570,203,21,14,理化,220,王意淳
316574,203,25,14,理化,220,王意淳
316686,206,15,14,理化,220,王意淳
316696,206,27,14,理化,220,王意淳
316720,206,57,14,理化,220,王意淳
317888,236,17,14,理化,220,王意淳
317895,236,26,14,理化,220,王意淳
317918,236,55,14,理化,220,王意淳
317321,221,58,16,理化輔導,141,謝宗益
317457,225,28,16,理化輔導,141,謝宗益
317793,233,48,16,理化輔導,141,謝宗益
318425,312,38,16,理化輔導,141,謝宗益
318033,302,48,16,理化輔導,353,賴冠廷
318609,317,18,16,理化輔導,353,賴冠廷
317617,229,28,16,理化輔導,193,蕭靜芬
317993,301,48,16,理化輔導,193,蕭靜芬
318209,307,18,16,理化輔導,193,蕭靜芬
316513,201,48,16,理化輔導,334,盧錦雲
317025,214,38,16,理化輔導,334,盧錦雲
317257,220,28,16,理化輔導,334,盧錦雲
318129,305,18,16,理化輔導,334,盧錦雲
318601,316,58,16,理化輔導,334,盧錦雲
316937,212,28,16,理化輔導,270,鄭騏樑
317233,219,48,16,理化輔導,270,鄭騏樑
317529,227,18,16,理化輔導,270,鄭騏樑
317721,231,58,16,理化輔導,270,鄭騏樑
317865,235,38,16,理化輔導,270,鄭騏樑
317073,215,48,16,理化輔導,196,鄧潔梨
317729,232,18,16,理化輔導,196,鄧潔梨
318081,303,58,16,理化輔導,196,鄧潔梨
317385,223,38,16,理化輔導,268,蔣宜君
318249,308,18,16,理化輔導,268,蔣宜君
318313,309,48,16,理化輔導,268,蔣宜君
318361,310,58,16,理化輔導,268,蔣宜君
318497,314,28,16,理化輔導,268,蔣宜君
317001,213,58,16,理化輔導,219,蔡青芸
318993,326,48,16,理化輔導,219,蔡青芸
319329,335,18,16,理化輔導,219,蔡青芸
316753,207,48,16,理化輔導,198,楊曉琪
317185,218,38,16,理化輔導,198,楊曉琪
317809,234,18,16,理化輔導,198,楊曉琪
316561,202,58,16,理化輔導,203,黃怡綸
318537,315,28,16,理化輔導,203,黃怡綸
318833,322,48,16,理化輔導,203,黃怡綸
317961,237,58,16,理化輔導,209,黃吉楠
319025,327,38,16,理化輔導,209,黃吉楠
319129,330,18,16,理化輔導,209,黃吉楠
317409,224,18,16,理化輔導,188,曾昭賢
318705,319,38,16,理化輔導,188,曾昭賢
318793,321,48,16,理化輔導,188,曾昭賢
316769,208,18,16,理化輔導,269,陳柄成
318457,313,28,16,理化輔導,269,陳柄成
318753,320,48,16,理化輔導,269,陳柄成
319185,331,38,16,理化輔導,269,陳柄成
319321,334,58,16,理化輔導,269,陳柄成
317361,222,58,16,理化輔導,233,陳俊明
317673,230,48,16,理化輔導,233,陳俊明
318369,311,18,16,理化輔導,233,陳俊明
318121,304,58,16,理化輔導,162,陳居中
319113,329,48,16,理化輔導,162,陳居中
319225,332,38,16,理化輔導,162,陳居中
319257,333,28,16,理化輔導,162,陳居中
316841,209,58,16,理化輔導,202,郭芷佑
317153,217,48,16,理化輔導,202,郭芷佑
317577,228,28,16,理化輔導,202,郭芷佑
316617,204,28,16,理化輔導,154,莊維聖
318953,325,48,16,理化輔導,154,莊維聖
319065,328,38,16,理化輔導,154,莊維聖
318185,306,38,16,理化輔導,110,紀彥羽
318681,318,58,16,理化輔導,147,周建良
318865,323,38,16,理化輔導,147,周建良
318913,324,48,16,理化輔導,147,周建良
316673,205,48,16,理化輔導,271,李智宏
316849,210,18,16,理化輔導,271,李智宏
316921,211,58,16,理化輔導,271,李智宏
317097,216,28,16,理化輔導,271,李智宏
317505,226,38,16,理化輔導,271,李智宏
316601,203,58,16,理化輔導,220,王意淳
316689,206,18,16,理化輔導,220,王意淳
317897,236,28,16,理化輔導,220,王意淳
315491,108,22,27,童軍,342,謝妮霓
315558,109,55,27,童軍,342,謝妮霓
315613,111,24,27,童軍,342,謝妮霓
315667,112,42,27,童軍,342,謝妮霓
315682,113,11,27,童軍,342,謝妮霓
315730,114,21,27,童軍,342,謝妮霓
316445,132,14,27,童軍,342,謝妮霓
318061,303,34,27,童軍,342,謝妮霓
318104,304,37,27,童軍,342,謝妮霓
318142,305,35,27,童軍,342,謝妮霓
318215,307,26,27,童軍,342,謝妮霓
318327,310,16,27,童軍,342,謝妮霓
318503,314,36,27,童軍,342,謝妮霓
318596,316,53,27,童軍,342,謝妮霓
318728,320,17,27,童軍,342,謝妮霓
319040,327,57,27,童軍,342,謝妮霓
319115,329,52,27,童軍,342,謝妮霓
319159,330,56,27,童軍,342,謝妮霓
319266,333,41,27,童軍,342,謝妮霓
316515,201,52,27,童軍,301,蔣惠萍
316587,203,42,27,童軍,301,蔣惠萍
316700,206,33,27,童軍,301,蔣惠萍
316757,207,54,27,童軍,301,蔣惠萍
316768,208,17,27,童軍,301,蔣惠萍
316932,212,23,27,童軍,301,蔣惠萍
317002,214,11,27,童軍,301,蔣惠萍
317086,216,15,27,童軍,301,蔣惠萍
317148,217,43,27,童軍,301,蔣惠萍
317280,220,57,27,童軍,301,蔣惠萍
317318,221,55,27,童軍,301,蔣惠萍
317336,222,27,27,童軍,301,蔣惠萍
317374,223,25,27,童軍,301,蔣惠萍
317436,224,53,27,童軍,301,蔣惠萍
317565,228,14,27,童軍,301,蔣惠萍
317741,232,34,27,童軍,301,蔣惠萍
317810,234,21,27,童軍,301,蔣惠萍
317902,236,35,27,童軍,301,蔣惠萍
315360,104,57,27,童軍,205,蔡鳳女英
315381,105,34,27,童軍,205,蔡鳳女英
315438,106,55,27,童軍,205,蔡鳳女英
315475,107,52,27,童軍,205,蔡鳳女英
316068,122,43,27,童軍,205,蔡鳳女英
316226,126,41,27,童軍,205,蔡鳳女英
316263,127,36,27,童軍,205,蔡鳳女英
318167,306,16,27,童軍,205,蔡鳳女英
318374,311,25,27,童軍,205,蔡鳳女英
318608,317,17,27,童軍,205,蔡鳳女英
319050,328,21,27,童軍,205,蔡鳳女英
319331,335,22,27,童軍,205,蔡鳳女英
315576,110,27,27,童軍,299,陳筱嵐
315895,118,26,27,童軍,299,陳筱嵐
316304,128,37,27,童軍,299,陳筱嵐
316359,129,56,27,童軍,299,陳筱嵐
316398,130,55,27,童軍,299,陳筱嵐
316440,131,57,27,童軍,299,陳筱嵐
317996,301,53,27,童軍,299,陳筱嵐
318247,308,16,27,童軍,299,陳筱嵐
318434,312,51,27,童軍,299,陳筱嵐
318466,313,41,27,童軍,299,陳筱嵐
318542,315,35,27,童軍,299,陳筱嵐
318644,318,13,27,童軍,299,陳筱嵐
318690,319,21,27,童軍,299,陳筱嵐
318773,321,24,27,童軍,299,陳筱嵐
318867,323,42,27,童軍,299,陳筱嵐
318900,324,33,27,童軍,299,陳筱嵐
318931,325,22,27,童軍,299,陳筱嵐
318995,326,52,27,童軍,299,陳筱嵐
316543,202,36,27,童軍,300,許雅雲
316615,204,26,27,童軍,300,許雅雲
316651,205,22,27,童軍,300,許雅雲
316821,209,34,27,童軍,300,許雅雲
316868,210,43,27,童軍,300,許雅雲
316885,211,14,27,童軍,300,許雅雲
316999,213,56,27,童軍,300,許雅雲
317069,215,44,27,童軍,300,許雅雲
317164,218,13,27,童軍,300,許雅雲
317212,219,23,27,童軍,300,許雅雲
317476,225,53,27,童軍,300,許雅雲
317500,226,33,27,童軍,300,許雅雲
317542,227,35,27,童軍,300,許雅雲
317614,229,25,27,童軍,300,許雅雲
317648,230,17,27,童軍,300,許雅雲
317714,231,51,27,童軍,300,許雅雲
317800,233,57,27,童軍,300,許雅雲
317867,235,42,27,童軍,300,許雅雲
317957,237,54,27,童軍,300,許雅雲
315240,101,57,27,童軍,302,杜宜璇
315266,102,41,27,童軍,302,杜宜璇
315319,103,56,27,童軍,302,杜宜璇
315798,115,55,27,童軍,302,杜宜璇
315820,116,33,27,童軍,302,杜宜璇
315842,117,11,27,童軍,302,杜宜璇
315926,119,15,27,童軍,302,杜宜璇
315982,120,35,27,童軍,302,杜宜璇
316027,121,42,27,童軍,302,杜宜璇
316083,123,12,27,童軍,302,杜宜璇
316155,124,52,27,童軍,302,杜宜璇
316183,125,36,27,童軍,302,杜宜璇
318014,302,25,27,童軍,302,杜宜璇
318295,309,26,27,童軍,302,杜宜璇
318836,322,53,27,童軍,302,杜宜璇
319168,331,17,27,童軍,302,杜宜璇
319210,332,21,27,童軍,302,杜宜璇
319291,334,22,27,童軍,302,杜宜璇
316229,126,44,25,視覺藝術,199,葉乃菁
316278,127,55,25,視覺藝術,199,葉乃菁
316306,128,41,25,視覺藝術,199,葉乃菁
316343,129,36,25,視覺藝術,199,葉乃菁
316363,130,12,25,視覺藝術,199,葉乃菁
316439,131,56,25,視覺藝術,199,葉乃菁
316447,132,16,25,視覺藝術,199,葉乃菁
316907,211,42,25,視覺藝術,199,葉乃菁
317140,217,33,25,視覺藝術,199,葉乃菁
317256,220,27,25,視覺藝術,199,葉乃菁
317566,228,15,25,視覺藝術,199,葉乃菁
317854,235,25,25,視覺藝術,199,葉乃菁
317904,236,37,25,視覺藝術,199,葉乃菁
315276,102,53,25,視覺藝術,359,陳禾云
315308,103,43,25,視覺藝術,359,陳禾云
315471,107,46,25,視覺藝術,359,陳禾云
315492,108,23,25,視覺藝術,359,陳禾云
315542,109,35,25,視覺藝術,359,陳禾云
315600,110,57,25,視覺藝術,359,陳禾云
315635,111,52,25,視覺藝術,359,陳禾云
315646,112,15,25,視覺藝術,359,陳禾云
315683,113,12,25,視覺藝術,359,陳禾云
315724,114,13,25,視覺藝術,359,陳禾云
315789,115,44,25,視覺藝術,359,陳禾云
315816,116,27,25,視覺藝術,359,陳禾云
315870,117,45,25,視覺藝術,359,陳禾云
315927,119,16,25,視覺藝術,359,陳禾云
315984,120,37,25,視覺藝術,359,陳禾云
316020,121,33,25,視覺藝術,359,陳禾云
316051,122,22,25,視覺藝術,359,陳禾云
316173,125,24,25,視覺藝術,359,陳禾云
316555,202,52,25,視覺藝術,292,林惠宜
316568,203,17,25,視覺藝術,292,林惠宜
316631,204,46,25,視覺藝術,292,林惠宜
316764,208,13,25,視覺藝術,292,林惠宜
316828,209,43,25,視覺藝術,292,林惠宜
317005,214,14,25,視覺藝術,292,林惠宜
317076,215,53,25,視覺藝術,292,林惠宜
317186,218,41,25,視覺藝術,292,林惠宜
317359,222,56,25,視覺藝術,292,林惠宜
317421,224,34,25,視覺藝術,292,林惠宜
317552,227,47,25,視覺藝術,292,林惠宜
317960,237,57,25,視覺藝術,292,林惠宜
318062,303,35,25,視覺藝術,292,林惠宜
318087,304,16,25,視覺藝術,292,林惠宜
318450,313,21,25,視覺藝術,292,林惠宜
318797,321,54,25,視覺藝術,292,林惠宜
318950,325,45,25,視覺藝術,292,林惠宜
319180,331,33,25,視覺藝術,292,林惠宜
319229,332,44,25,視覺藝術,292,林惠宜
315214,101,25,25,視覺藝術,293,林冬梅
315341,104,34,25,視覺藝術,293,林冬梅
315394,105,51,25,視覺藝術,293,林冬梅
315435,106,52,25,視覺藝術,293,林冬梅
315907,118,42,25,視覺藝術,293,林冬梅
316109,123,44,25,視覺藝術,293,林冬梅
316136,124,27,25,視覺藝術,293,林冬梅
316512,201,47,25,視覺藝術,293,林冬梅
316662,205,35,25,視覺藝術,293,林冬梅
316948,212,43,25,視覺藝術,293,林冬梅
317205,219,14,25,視覺藝術,293,林冬梅
317317,221,54,25,視覺藝術,293,林冬梅
317379,223,32,25,視覺藝術,293,林冬梅
317455,225,26,25,視覺藝術,293,林冬梅
317663,230,36,25,視覺藝術,293,林冬梅
317730,232,21,25,視覺藝術,293,林冬梅
317994,301,51,25,視覺藝術,294,李藺芳
318027,302,42,25,視覺藝術,294,李藺芳
318143,305,36,25,視覺藝術,294,李藺芳
318162,306,11,25,視覺藝術,294,李藺芳
318230,307,45,25,視覺藝術,294,李藺芳
318272,308,47,25,視覺藝術,294,李藺芳
318294,309,25,25,視覺藝術,294,李藺芳
318335,310,26,25,視覺藝術,294,李藺芳
318398,311,55,25,視覺藝術,294,李藺芳
318439,312,56,25,視覺藝術,294,李藺芳
318621,317,34,25,視覺藝術,294,李藺芳
318717,319,54,25,視覺藝術,294,李藺芳
318860,323,33,25,視覺藝術,294,李藺芳
318899,324,32,25,視覺藝術,294,李藺芳
318963,326,12,25,視覺藝術,294,李藺芳
319088,329,17,25,視覺藝術,294,李藺芳
319244,333,13,25,視覺藝術,294,李藺芳
319304,334,37,25,視覺藝術,294,李藺芳
319346,335,41,25,視覺藝術,294,李藺芳
316715,206,52,25,視覺藝術,291,余秀蘭
316735,207,26,25,視覺藝術,291,余秀蘭
316874,210,51,25,視覺藝術,291,余秀蘭
316988,213,43,25,視覺藝術,291,余秀蘭
317117,216,54,25,視覺藝術,291,余秀蘭
317502,226,35,25,視覺藝術,291,余秀蘭
317602,229,11,25,視覺藝術,291,余秀蘭
317712,231,47,25,視覺藝術,291,余秀蘭
317779,233,32,25,視覺藝術,291,余秀蘭
317806,234,15,25,視覺藝術,291,余秀蘭
318510,314,45,25,視覺藝術,291,余秀蘭
318551,315,46,25,視覺藝術,291,余秀蘭
318581,316,34,25,視覺藝術,291,余秀蘭
318650,318,21,25,視覺藝術,291,余秀蘭
318723,320,12,25,視覺藝術,291,余秀蘭
318814,322,25,25,視覺藝術,291,余秀蘭
319027,327,42,25,視覺藝術,291,余秀蘭
319064,328,37,25,視覺藝術,291,余秀蘭
319125,330,14,25,視覺藝術,291,余秀蘭
316501,201,34,30,資訊科技,310,楊進興
316539,202,32,30,資訊科技,310,楊進興
316714,206,51,30,資訊科技,310,楊進興
316811,209,22,30,資訊科技,310,楊進興
316866,210,41,30,資訊科技,310,楊進興
316918,211,55,30,資訊科技,310,楊進興
317039,214,56,30,資訊科技,310,楊進興
317062,215,35,30,資訊科技,310,楊進興
317082,216,11,30,資訊科技,310,楊進興
317149,217,44,30,資訊科技,310,楊進興
317307,221,42,30,資訊科技,310,楊進興
317511,226,46,30,資訊科技,310,楊進興
317612,229,23,30,資訊科技,310,楊進興
317645,230,14,30,資訊科技,310,楊進興
317684,231,13,30,資訊科技,310,楊進興
317757,232,54,30,資訊科技,310,楊進興
317880,235,57,30,資訊科技,310,楊進興
317903,236,36,30,資訊科技,310,楊進興
317952,237,47,30,資訊科技,310,楊進興
315946,119,41,30,資訊科技,260,黃信達
315971,120,22,30,資訊科技,260,黃信達
316023,121,36,30,資訊科技,260,黃信達
316053,122,24,30,資訊科技,260,黃信達
316092,123,23,30,資訊科技,260,黃信達
316152,124,47,30,資訊科技,260,黃信達
316188,125,43,30,資訊科技,260,黃信達
316227,126,42,30,資訊科技,260,黃信達
316279,127,56,30,資訊科技,260,黃信達
316302,128,35,30,資訊科技,260,黃信達
315501,108,34,30,資訊科技,311,陳姵文
315551,109,46,30,資訊科技,311,陳姵文
315580,110,33,30,資訊科技,311,陳姵文
315638,111,55,30,資訊科技,311,陳姵文
315662,112,35,30,資訊科技,311,陳姵文
315684,113,13,30,資訊科技,311,陳姵文
315732,114,23,30,資訊科技,311,陳姵文
318036,302,53,30,資訊科技,311,陳姵文
318307,309,42,30,資訊科技,311,陳姵文
318355,310,52,30,資訊科技,311,陳姵文
318512,314,47,30,資訊科技,311,陳姵文
318628,317,43,30,資訊科技,311,陳姵文
318643,318,12,30,資訊科技,311,陳姵文
318765,321,14,30,資訊科技,311,陳姵文
318999,326,56,30,資訊科技,311,陳姵文
319023,327,36,30,資訊科技,311,陳姵文
319117,329,54,30,資訊科技,311,陳姵文
319184,331,37,30,資訊科技,311,陳姵文
319213,332,24,30,資訊科技,311,陳姵文
319251,333,22,30,資訊科技,311,陳姵文
319309,334,44,30,資訊科技,311,陳姵文
315781,115,34,30,資訊科技,362,陳冠宏
315814,116,25,30,資訊科技,362,陳冠宏
315872,117,47,30,資訊科技,362,陳冠宏
315909,118,44,30,資訊科技,362,陳冠宏
318186,306,41,30,資訊科技,362,陳冠宏
318362,311,11,30,資訊科技,362,陳冠宏
318423,312,36,30,資訊科技,362,陳冠宏
318444,313,13,30,資訊科技,362,陳冠宏
318742,320,35,30,資訊科技,362,陳冠宏
318885,324,14,30,資訊科技,362,陳冠宏
318947,325,42,30,資訊科技,362,陳冠宏
319136,330,27,30,資訊科技,362,陳冠宏
315213,101,24,30,資訊科技,363,邱森潤
315256,102,27,30,資訊科技,363,邱森潤
315290,103,21,30,資訊科技,363,邱森潤
315335,104,26,30,資訊科技,363,邱森潤
315374,105,25,30,資訊科技,363,邱森潤
315412,106,23,30,資訊科技,363,邱森潤
315451,107,22,30,資訊科技,363,邱森潤
316340,129,33,30,資訊科技,312,吳直穎
316370,130,21,30,資訊科技,312,吳直穎
316436,131,53,30,資訊科技,312,吳直穎
316452,132,23,30,資訊科技,312,吳直穎
316591,203,46,30,資訊科技,312,吳直穎
316640,204,57,30,資訊科技,312,吳直穎
316661,205,34,30,資訊科技,312,吳直穎
316743,207,36,30,資訊科技,312,吳直穎
316795,208,52,30,資訊科技,312,吳直穎
316944,212,37,30,資訊科技,312,吳直穎
316973,213,24,30,資訊科技,312,吳直穎
317192,218,47,30,資訊科技,312,吳直穎
317234,219,51,30,資訊科技,312,吳直穎
317269,220,44,30,資訊科技,312,吳直穎
317390,223,45,30,資訊科技,312,吳直穎
317438,224,55,30,資訊科技,312,吳直穎
317459,225,32,30,資訊科技,312,吳直穎
317548,227,43,30,資訊科技,312,吳直穎
317586,228,41,30,資訊科技,312,吳直穎
317763,233,12,30,資訊科技,312,吳直穎
317804,234,13,30,資訊科技,312,吳直穎
317355,222,52,30,資訊科技,106,朱永方
318076,303,53,30,資訊科技,106,朱永方
317980,301,33,30,資訊科技,145,方玠仁
318109,304,44,30,資訊科技,145,方玠仁
318125,305,14,30,資訊科技,145,方玠仁
318239,307,56,30,資訊科技,145,方玠仁
318277,308,54,30,資訊科技,145,方玠仁
318554,315,51,30,資訊科技,145,方玠仁
318595,316,52,30,資訊科技,145,方玠仁
318683,319,12,30,資訊科技,145,方玠仁
318838,322,55,30,資訊科技,145,方玠仁
318850,323,21,30,資訊科技,145,方玠仁
319044,328,13,30,資訊科技,145,方玠仁
319339,335,32,30,資訊科技,145,方玠仁
316604,204,13,29,輔導,172,謝嘉純
316789,208,44,29,輔導,172,謝嘉純
316863,210,36,29,輔導,172,謝嘉純
316900,211,33,29,輔導,172,謝嘉純
317102,216,35,29,輔導,172,謝嘉純
317199,218,56,29,輔導,172,謝嘉純
317203,219,12,29,輔導,172,謝嘉純
317267,220,42,29,輔導,172,謝嘉純
317452,225,23,29,輔導,172,謝嘉純
317520,226,57,29,輔導,172,謝嘉純
317908,236,43,29,輔導,172,謝嘉純
318655,318,26,29,輔導,172,謝嘉純
318917,324,54,29,輔導,172,謝嘉純
319224,332,37,29,輔導,172,謝嘉純
318168,306,17,29,輔導,125,黃如璽
318127,305,16,29,輔導,124,陳貞竹
315228,101,43,29,輔導,343,陳易柔
315372,105,23,29,輔導,343,陳易柔
315461,107,34,29,輔導,343,陳易柔
315519,108,56,29,輔導,343,陳易柔
315535,109,26,29,輔導,343,陳易柔
315584,110,37,29,輔導,343,陳易柔
315629,111,44,29,輔導,343,陳易柔
315746,114,41,29,輔導,343,陳易柔
316210,126,21,29,輔導,343,陳易柔
316277,127,54,29,輔導,343,陳易柔
316322,129,11,29,輔導,343,陳易柔
316374,130,25,29,輔導,343,陳易柔
316444,132,13,29,輔導,343,陳易柔
316500,201,33,29,輔導,343,陳易柔
317422,224,35,29,輔導,343,陳易柔
317555,227,52,29,輔導,343,陳易柔
315278,102,55,29,輔導,307,陳秀婷
315284,103,13,29,輔導,307,陳秀婷
315330,104,21,29,輔導,307,陳秀婷
315422,106,35,29,輔導,307,陳秀婷
316082,123,11,29,輔導,307,陳秀婷
316426,131,41,29,輔導,307,陳秀婷
316580,203,33,29,輔導,307,陳秀婷
316652,205,23,29,輔導,307,陳秀婷
316695,206,26,29,輔導,307,陳秀婷
316806,209,15,29,輔導,307,陳秀婷
316949,212,44,29,輔導,307,陳秀婷
317143,217,36,29,輔導,307,陳秀婷
317288,221,17,29,輔導,307,陳秀婷
317613,229,24,29,輔導,307,陳秀婷
317667,230,42,29,輔導,307,陳秀婷
317796,233,53,29,輔導,307,陳秀婷
317879,235,56,29,輔導,307,陳秀婷
317955,237,52,29,輔導,307,陳秀婷
318207,307,16,29,輔導,127,張碧蓉
315680,112,57,29,輔導,308,張家淇
315703,113,36,29,輔導,308,張家淇
315784,115,37,29,輔導,308,張家淇
315834,116,51,29,輔導,308,張家淇
315862,117,35,29,輔導,308,張家淇
315919,118,56,29,輔導,308,張家淇
315958,119,55,29,輔導,308,張家淇
315973,120,24,29,輔導,308,張家淇
316002,121,11,29,輔導,308,張家淇
316054,122,25,29,輔導,308,張家淇
316156,124,53,29,輔導,308,張家淇
316176,125,27,29,輔導,308,張家淇
316307,128,42,29,輔導,308,張家淇
318388,311,43,29,輔導,308,張家淇
318412,312,23,29,輔導,308,張家淇
318610,317,21,29,輔導,308,張家淇
318811,322,22,29,輔導,308,張家淇
318866,323,41,29,輔導,308,張家淇
319189,331,44,29,輔導,308,張家淇
319255,333,26,29,輔導,308,張家淇
318447,313,16,29,輔導,123,林雅惠
316734,207,25,29,輔導,344,林亮圻
317973,301,24,29,輔導,309,李匡
318034,302,51,29,輔導,309,李匡
318075,303,52,29,輔導,309,李匡
318096,304,27,29,輔導,309,李匡
318250,308,21,29,輔導,309,李匡
318344,310,37,29,輔導,309,李匡
318560,315,57,29,輔導,309,李匡
318583,316,36,29,輔導,309,李匡
318757,320,54,29,輔導,309,李匡
318946,325,41,29,輔導,309,李匡
319039,327,56,29,輔導,309,李匡
319067,328,42,29,輔導,309,李匡
319149,330,44,29,輔導,309,李匡
319318,334,55,29,輔導,309,李匡
319335,335,26,29,輔導,309,李匡
318488,314,17,29,輔導,126,吳雅琳
316531,202,22,29,輔導,158,吳宜蓉
316968,213,17,29,輔導,158,吳宜蓉
317040,214,57,29,輔導,158,吳宜蓉
317068,215,43,29,輔導,158,吳宜蓉
317326,222,15,29,輔導,158,吳宜蓉
317396,223,53,29,輔導,158,吳宜蓉
317574,228,25,29,輔導,158,吳宜蓉
317692,231,23,29,輔導,158,吳宜蓉
317754,232,51,29,輔導,158,吳宜蓉
317816,234,27,29,輔導,158,吳宜蓉
318301,309,34,29,輔導,158,吳宜蓉
318707,319,42,29,輔導,158,吳宜蓉
319100,329,33,29,輔導,158,吳宜蓉
318967,326,16,29,輔導,129,余燕齡
318767,321,16,29,輔導,128,艾興忠
316524,202,13,10,數學,166,蘇育賢
316534,202,25,10,數學,166,蘇育賢
316540,202,33,10,數學,166,蘇育賢
316547,202,42,10,數學,166,蘇育賢
316648,205,17,10,數學,166,蘇育賢
316656,205,27,10,數學,166,蘇育賢
316670,205,45,10,數學,166,蘇育賢
316680,205,57,10,數學,166,蘇育賢
317402,224,11,10,數學,166,蘇育賢
317411,224,22,10,數學,166,蘇育賢
317431,224,46,10,數學,166,蘇育賢
317439,224,56,10,數學,166,蘇育賢
316324,129,13,10,數學,177,鄭喬逢
316330,129,21,10,數學,177,鄭喬逢
316341,129,34,10,數學,177,鄭喬逢
316358,129,55,10,數學,177,鄭喬逢
316962,213,11,10,數學,177,鄭喬逢
316975,213,26,10,數學,177,鄭喬逢
316987,213,42,10,數學,177,鄭喬逢
316994,213,51,10,數學,177,鄭喬逢
317573,228,24,10,數學,177,鄭喬逢
317584,228,37,10,數學,177,鄭喬逢
317588,228,43,10,數學,177,鄭喬逢
317599,228,56,10,數學,177,鄭喬逢
319128,330,17,10,數學,177,鄭喬逢
319132,330,23,10,數學,177,鄭喬逢
319143,330,36,10,數學,177,鄭喬逢
319151,330,46,10,數學,177,鄭喬逢
317092,216,23,10,數學,180,鄭家禎
317101,216,34,10,數學,180,鄭家禎
317106,216,41,10,數學,180,鄭家禎
317120,216,57,10,數學,180,鄭家禎
317656,230,27,10,數學,180,鄭家禎
317664,230,37,10,數學,180,鄭家禎
317672,230,47,10,數學,180,鄭家禎
317678,230,55,10,數學,180,鄭家禎
317808,234,17,10,數學,180,鄭家禎
317813,234,24,10,數學,180,鄭家禎
317823,234,36,10,數學,180,鄭家禎
317830,234,45,10,數學,180,鄭家禎
316851,210,22,10,數學,200,蔡孟璋
316861,210,34,10,數學,200,蔡孟璋
316872,210,47,10,數學,200,蔡孟璋
316878,210,55,10,數學,200,蔡孟璋
317008,214,17,10,數學,200,蔡孟璋
317013,214,24,10,數學,200,蔡孟璋
317023,214,36,10,數學,200,蔡孟璋
317028,214,43,10,數學,200,蔡孟璋
317894,236,25,10,數學,200,蔡孟璋
317900,236,33,10,數學,200,蔡孟璋
317906,236,41,10,數學,200,蔡孟璋
317909,236,44,10,數學,200,蔡孟璋
315803,116,12,10,數學,262,蔡其霖
315812,116,23,10,數學,262,蔡其霖
315824,116,37,10,數學,262,蔡其霖
315829,116,44,10,數學,262,蔡其霖
315966,120,15,10,數學,262,蔡其霖
315975,120,26,10,數學,262,蔡其霖
315992,120,47,10,數學,262,蔡其霖
315994,120,51,10,數學,262,蔡其霖
316047,122,16,10,數學,262,蔡其霖
316056,122,27,10,數學,262,蔡其霖
316071,122,46,10,數學,262,蔡其霖
316080,122,57,10,數學,262,蔡其霖
317213,219,24,10,數學,262,蔡其霖
317219,219,32,10,數學,262,蔡其霖
317227,219,42,10,數學,262,蔡其霖
317239,219,56,10,數學,262,蔡其霖
317842,235,11,10,數學,262,蔡其霖
317851,235,22,10,數學,262,蔡其霖
317861,235,34,10,數學,262,蔡其霖
317868,235,43,10,數學,262,蔡其霖
317685,231,14,10,數學,109,趙甫嘉
317691,231,22,10,數學,109,趙甫嘉
317704,231,37,10,數學,109,趙甫嘉
317708,231,43,10,數學,109,趙甫嘉
315524,109,13,10,數學,261,葉層蜂
315527,109,16,10,數學,261,葉層蜂
315532,109,23,10,數學,261,葉層蜂
315549,109,44,10,數學,261,葉層蜂
315570,110,21,10,數學,261,葉層蜂
315582,110,35,10,數學,261,葉層蜂
315588,110,43,10,數學,261,葉層蜂
315598,110,55,10,數學,261,葉層蜂
315614,111,25,10,數學,261,葉層蜂
315621,111,34,10,數學,261,葉層蜂
315630,111,45,10,數學,261,葉層蜂
315634,111,51,10,數學,261,葉層蜂
318165,306,14,10,數學,261,葉層蜂
318173,306,24,10,數學,261,葉層蜂
318184,306,37,10,數學,261,葉層蜂
318192,306,47,10,數學,261,葉層蜂
318496,314,27,10,數學,261,葉層蜂
318499,314,32,10,數學,261,葉層蜂
318506,314,41,10,數學,261,葉層蜂
318520,314,57,10,數學,261,葉層蜂
315327,104,16,10,數學,257,萬明雨
315331,104,22,10,數學,257,萬明雨
315340,104,33,10,數學,257,萬明雨
315351,104,46,10,數學,257,萬明雨
316442,132,11,10,數學,257,萬明雨
316450,132,21,10,數學,257,萬明雨
316467,132,42,10,數學,257,萬明雨
316474,132,51,10,數學,257,萬明雨
316576,203,27,10,數學,257,萬明雨
316579,203,32,10,數學,257,萬明雨
316586,203,41,10,數學,257,萬明雨
316600,203,57,10,數學,257,萬明雨
316613,204,24,10,數學,257,萬明雨
316624,204,37,10,數學,257,萬明雨
316629,204,44,10,數學,257,萬明雨
316639,204,56,10,數學,257,萬明雨
317245,220,14,10,數學,257,萬明雨
317254,220,25,10,數學,257,萬明雨
317261,220,34,10,數學,257,萬明雨
317272,220,47,10,數學,257,萬明雨
318763,321,12,10,數學,155,黃靜娟
318771,321,22,10,數學,155,黃靜娟
318780,321,33,10,數學,155,黃靜娟
318788,321,43,10,數學,155,黃靜娟
318965,326,14,10,數學,155,黃靜娟
318973,326,24,10,數學,155,黃靜娟
318987,326,42,10,數學,155,黃靜娟
318994,326,51,10,數學,155,黃靜娟
319002,327,11,10,數學,155,黃靜娟
319010,327,21,10,數學,155,黃靜娟
319022,327,35,10,數學,155,黃靜娟
319032,327,47,10,數學,155,黃靜娟
316127,124,16,10,數學,260,黃信達
316134,124,25,10,數學,260,黃信達
316140,124,33,10,數學,260,黃信達
316160,124,57,10,數學,260,黃信達
318604,317,13,10,數學,260,黃信達
318605,317,14,10,數學,260,黃信達
318619,317,32,10,數學,260,黃信達
318634,317,51,10,數學,260,黃信達
318848,323,17,10,數學,260,黃信達
318856,323,27,10,數學,260,黃信達
318861,323,34,10,數學,260,黃信達
318871,323,46,10,數學,260,黃信達
316004,121,13,10,數學,222,陳淑貞
316010,121,21,10,數學,222,陳淑貞
316026,121,41,10,數學,222,陳淑貞
316040,121,57,10,數學,222,陳淑貞
318896,324,27,10,數學,222,陳淑貞
318904,324,37,10,數學,222,陳淑貞
318912,324,47,10,數學,222,陳淑貞
318919,324,56,10,數學,222,陳淑貞
319045,328,14,10,數學,222,陳淑貞
319051,328,22,10,數學,222,陳淑貞
319061,328,34,10,數學,222,陳淑貞
319071,328,46,10,數學,222,陳淑貞
316086,123,15,10,數學,332,陳世宗
316091,123,22,10,數學,332,陳世宗
316101,123,34,10,數學,332,陳世宗
316106,123,41,10,數學,332,陳世宗
316933,212,24,10,數學,332,陳世宗
316943,212,36,10,數學,332,陳世宗
316947,212,42,10,數學,332,陳世宗
316960,212,57,10,數學,332,陳世宗
317525,227,14,10,數學,332,陳世宗
317535,227,26,10,數學,332,陳世宗
317540,227,33,10,數學,332,陳世宗
317551,227,46,10,數學,332,陳世宗
317722,232,11,10,數學,332,陳世宗
317732,232,23,10,數學,332,陳世宗
317739,232,32,10,數學,332,陳世宗
317752,232,47,10,數學,332,陳世宗
317776,233,27,10,數學,332,陳世宗
317782,233,35,10,數學,332,陳世宗
317789,233,44,10,數學,332,陳世宗
317798,233,55,10,數學,332,陳世宗
316483,201,12,10,數學,170,郭瓊穗
316492,201,23,10,數學,170,郭瓊穗
316508,201,43,10,數學,170,郭瓊穗
316520,201,57,10,數學,170,郭瓊穗
316693,206,24,10,數學,170,郭瓊穗
316701,206,34,10,數學,170,郭瓊穗
316712,206,47,10,數學,170,郭瓊穗
316719,206,56,10,數學,170,郭瓊穗
319248,333,17,10,數學,170,郭瓊穗
319250,333,21,10,數學,170,郭瓊穗
319262,333,35,10,數學,170,郭瓊穗
319270,333,45,10,數學,170,郭瓊穗
315371,105,22,10,數學,258,郭怡君
315383,105,36,10,數學,258,郭怡君
315391,105,46,10,數學,258,郭怡君
315398,105,55,10,數學,258,郭怡君
315407,106,16,10,數學,258,郭怡君
315420,106,33,10,數學,258,郭怡君
315428,106,43,10,數學,258,郭怡君
315440,106,57,10,數學,258,郭怡君
317965,301,14,10,數學,258,郭怡君
317972,301,23,10,數學,258,郭怡君
317981,301,34,10,數學,258,郭怡君
317987,301,42,10,數學,258,郭怡君
318804,322,13,10,數學,258,郭怡君
318815,322,26,10,數學,258,郭怡君
318824,322,37,10,數學,258,郭怡君
318832,322,47,10,數學,258,郭怡君
319083,329,12,10,數學,258,郭怡君
319094,329,25,10,數學,258,郭怡君
319099,329,32,10,數學,258,郭怡君
319109,329,44,10,數學,258,郭怡君
315647,112,16,10,數學,263,許瓊分
315651,112,22,10,數學,263,許瓊分
315655,112,26,10,數學,263,許瓊分
315679,112,56,10,數學,263,許瓊分
316165,125,14,10,數學,263,許瓊分
316182,125,35,10,數學,263,許瓊分
316189,125,44,10,數學,263,許瓊分
316200,125,57,10,數學,263,許瓊分
316404,131,13,10,數學,263,許瓊分
316410,131,21,10,數學,263,許瓊分
316431,131,46,10,數學,263,許瓊分
316434,131,51,10,數學,263,許瓊分
316803,209,12,10,數學,263,許瓊分
316814,209,25,10,數學,263,許瓊分
316819,209,32,10,數學,263,許瓊分
316827,209,42,10,數學,263,許瓊分
317373,223,24,10,數學,263,許瓊分
317381,223,34,10,數學,263,許瓊分
317384,223,37,10,數學,263,許瓊分
317388,223,43,10,數學,263,許瓊分
315202,101,11,10,數學,259,畢玉玲
315211,101,22,10,數學,259,畢玉玲
315229,101,44,10,數學,259,畢玉玲
315239,101,56,10,數學,259,畢玉玲
315454,107,25,10,數學,259,畢玉玲
315460,107,33,10,數學,259,畢玉玲
315467,107,42,10,數學,259,畢玉玲
315474,107,51,10,數學,259,畢玉玲
315484,108,13,10,數學,259,畢玉玲
315493,108,24,10,數學,259,畢玉玲
315503,108,36,10,數學,259,畢玉玲
315512,108,47,10,數學,259,畢玉玲
315885,118,14,10,數學,259,畢玉玲
315887,118,16,10,數學,259,畢玉玲
315890,118,21,10,數學,259,畢玉玲
315908,118,43,10,數學,259,畢玉玲
317606,229,15,10,數學,259,畢玉玲
317621,229,34,10,數學,259,畢玉玲
317631,229,46,10,數學,259,畢玉玲
317640,229,57,10,數學,259,畢玉玲
317126,217,15,10,數學,333,梁伊邡
317136,217,27,10,數學,333,梁伊邡
317146,217,41,10,數學,333,梁伊邡
317160,217,57,10,數學,333,梁伊邡
317168,218,17,10,數學,333,梁伊邡
317170,218,21,10,數學,333,梁伊邡
317179,218,32,10,數學,333,梁伊邡
317187,218,42,10,數學,333,梁伊邡
318653,318,24,10,數學,333,梁伊邡
318664,318,37,10,數學,333,梁伊邡
318669,318,44,10,數學,333,梁伊邡
318679,318,56,10,數學,333,梁伊邡
319202,332,11,10,數學,333,梁伊邡
319214,332,25,10,數學,333,梁伊邡
319223,332,36,10,數學,333,梁伊邡
319234,332,51,10,數學,333,梁伊邡
317923,237,12,10,數學,201,張豊明
317934,237,25,10,數學,201,張豊明
317943,237,36,10,數學,201,張豊明
317946,237,41,10,數學,201,張豊明
318088,304,17,10,數學,201,張豊明
318095,304,26,10,數學,201,張豊明
318101,304,34,10,數學,201,張豊明
318107,304,42,10,數學,201,張豊明
318284,309,13,10,數學,201,張豊明
318291,309,22,10,數學,201,張豊明
318311,309,46,10,數學,201,張豊明
318318,309,55,10,數學,201,張豊明
318932,325,23,10,數學,201,張豊明
318939,325,32,10,數學,201,張豊明
318949,325,44,10,數學,201,張豊明
318960,325,57,10,數學,201,張豊明
315287,103,16,10,數學,352,高櫻仁
315294,103,25,10,數學,352,高櫻仁
315310,103,45,10,數學,352,高櫻仁
315318,103,55,10,數學,352,高櫻仁
316766,208,15,10,數學,352,高櫻仁
316782,208,35,10,數學,352,高櫻仁
316786,208,41,10,數學,352,高櫻仁
316799,208,56,10,數學,352,高櫻仁
318051,303,22,10,數學,352,高櫻仁
318060,303,33,10,數學,352,高櫻仁
318068,303,43,10,數學,352,高櫻仁
318074,303,51,10,數學,352,高櫻仁
318245,308,14,10,數學,352,高櫻仁
318253,308,24,10,數學,352,高櫻仁
318261,308,34,10,數學,352,高櫻仁
318269,308,44,10,數學,352,高櫻仁
319164,331,13,10,數學,352,高櫻仁
319170,331,21,10,數學,352,高櫻仁
319191,331,46,10,數學,352,高櫻仁
319195,331,52,10,數學,352,高櫻仁
315686,113,15,10,數學,214,高子珊
315692,113,23,10,數學,214,高子珊
315706,113,41,10,數學,214,高子珊
315718,113,55,10,數學,214,高子珊
315856,117,27,10,數學,214,高子珊
315863,117,36,10,數學,214,高子珊
315867,117,42,10,數學,214,高子珊
315880,117,57,10,數學,214,高子珊
316362,130,11,10,數學,214,高子珊
316375,130,26,10,數學,214,高子珊
316380,130,33,10,數學,214,高子珊
316392,130,47,10,數學,214,高子珊
317493,226,24,10,數學,112,洪煜喬
317504,226,37,10,數學,112,洪煜喬
317509,226,44,10,數學,112,洪煜喬
317519,226,56,10,數學,112,洪煜喬
315242,102,11,10,數學,256,洪秀芳
315254,102,25,10,數學,256,洪秀芳
315269,102,44,10,數學,256,洪秀芳
315274,102,51,10,數學,256,洪秀芳
316728,207,17,10,數學,256,洪秀芳
316732,207,23,10,數學,256,洪秀芳
316739,207,32,10,數學,256,洪秀芳
316750,207,45,10,數學,256,洪秀芳
317044,215,13,10,數學,256,洪秀芳
317064,215,37,10,數學,256,洪秀芳
317066,215,41,10,數學,256,洪秀芳
317079,215,56,10,數學,256,洪秀芳
317323,222,12,10,數學,256,洪秀芳
317333,222,24,10,數學,256,洪秀芳
317341,222,34,10,數學,256,洪秀芳
317360,222,57,10,數學,256,洪秀芳
317446,225,15,10,數學,256,洪秀芳
317456,225,27,10,數學,256,洪秀芳
317460,225,33,10,數學,256,洪秀芳
317468,225,43,10,數學,256,洪秀芳
318523,315,12,10,數學,144,柳碧琳
318534,315,25,10,數學,144,柳碧琳
318540,315,33,10,數學,144,柳碧琳
318547,315,42,10,數學,144,柳碧琳
318682,319,11,10,數學,144,柳碧琳
318696,319,27,10,數學,144,柳碧琳
318699,319,32,10,數學,144,柳碧琳
318709,319,44,10,數學,144,柳碧琳
318725,320,14,10,數學,144,柳碧琳
318733,320,24,10,數學,144,柳碧琳
318744,320,37,10,數學,144,柳碧琳
318752,320,47,10,數學,144,柳碧琳
318204,307,13,10,數學,136,林欣儀
318222,307,35,10,數學,136,林欣儀
318228,307,43,10,數學,136,林欣儀
318234,307,51,10,數學,136,林欣儀
318403,312,12,10,數學,136,林欣儀
318414,312,25,10,數學,136,林欣儀
318420,312,33,10,數學,136,林欣儀
318429,312,44,10,數學,136,林欣儀
318455,313,26,10,數學,136,林欣儀
318461,313,34,10,數學,136,林欣儀
318471,313,46,10,數學,136,林欣儀
318479,313,56,10,數學,136,林欣儀
318011,302,22,10,數學,163,林佳蓉數
318020,302,33,10,數學,163,林佳蓉數
318022,302,35,10,數學,163,林佳蓉數
318026,302,41,10,數學,163,林佳蓉數
318325,310,14,10,數學,163,林佳蓉數
318333,310,24,10,數學,163,林佳蓉數
318349,310,44,10,數學,163,林佳蓉數
318351,310,46,10,數學,163,林佳蓉數
319292,334,23,10,數學,163,林佳蓉數
319295,334,26,10,數學,163,林佳蓉數
319303,334,36,10,數學,163,林佳蓉數
319308,334,43,10,數學,163,林佳蓉數
317286,221,15,10,數學,185,林文智
317296,221,27,10,數學,185,林文智
317303,221,36,10,數學,185,林文智
317319,221,56,10,數學,185,林文智
318363,311,12,10,數學,185,林文智
318381,311,34,10,數學,185,林文智
318387,311,42,10,數學,185,林文智
318389,311,44,10,數學,185,林文智
319322,335,11,10,數學,185,林文智
319340,335,33,10,數學,185,林文智
319350,335,45,10,數學,185,林文智
319358,335,55,10,數學,185,林文智
315767,115,16,10,數學,216,周勳彬
315771,115,22,10,數學,216,周勳彬
315788,115,43,10,數學,216,周勳彬
315799,115,56,10,數學,216,周勳彬
316244,127,13,10,數學,216,周勳彬
316252,127,23,10,數學,216,周勳彬
316261,127,34,10,數學,216,周勳彬
316267,127,42,10,數學,216,周勳彬
316286,128,15,10,數學,216,周勳彬
316294,128,25,10,數學,216,周勳彬
316310,128,45,10,數學,216,周勳彬
316314,128,51,10,數學,216,周勳彬
316894,211,25,10,數學,175,田德群
316903,211,36,10,數學,175,田德群
316910,211,45,10,數學,175,田德群
316919,211,56,10,數學,175,田德群
318133,305,24,10,數學,175,田德群
318139,305,32,10,數學,175,田德群
318146,305,41,10,數學,175,田德群
318158,305,55,10,數學,175,田德群
318563,316,12,10,數學,175,田德群
318582,316,35,10,數學,175,田德群
318587,316,42,10,數學,175,田德群
318594,316,51,10,數學,175,田德群
315736,114,27,10,數學,215,王苑菘
315744,114,37,10,數學,215,王苑菘
315747,114,42,10,數學,215,王苑菘
315754,114,51,10,數學,215,王苑菘
315922,119,11,10,數學,215,王苑菘
315932,119,23,10,數學,215,王苑菘
315942,119,35,10,數學,215,王苑菘
315952,119,47,10,數學,215,王苑菘
316206,126,15,10,數學,215,王苑菘
316213,126,24,10,數學,215,王苑菘
316230,126,45,10,數學,215,王苑菘
316240,126,57,10,數學,215,王苑菘
316553,202,48,11,數學輔導,166,蘇育賢
316657,205,28,11,數學輔導,166,蘇育賢
317425,224,38,11,數學輔導,166,蘇育賢
316361,129,58,11,數學輔導,177,鄭喬逢
316985,213,38,11,數學輔導,177,鄭喬逢
317593,228,48,11,數學輔導,177,鄭喬逢
319137,330,28,11,數學輔導,177,鄭喬逢
317105,216,38,11,數學輔導,180,鄭家禎
317657,230,28,11,數學輔導,180,鄭家禎
317833,234,48,11,數學輔導,180,鄭家禎
316881,210,58,11,數學輔導,200,蔡孟璋
317033,214,48,11,數學輔導,200,蔡孟璋
317889,236,18,11,數學輔導,200,蔡孟璋
315841,116,58,11,數學輔導,262,蔡其霖
315993,120,48,11,數學輔導,262,蔡其霖
316065,122,38,11,數學輔導,262,蔡其霖
317217,219,28,11,數學輔導,262,蔡其霖
317849,235,18,11,數學輔導,262,蔡其霖
317713,231,48,11,數學輔導,109,趙甫嘉
315537,109,28,11,數學輔導,261,葉層蜂
315585,110,38,11,數學輔導,261,葉層蜂
315633,111,48,11,數學輔導,261,葉層蜂
318169,306,18,11,數學輔導,261,葉層蜂
318521,314,58,11,數學輔導,261,葉層蜂
315345,104,38,11,數學輔導,257,萬明雨
316457,132,28,11,數學輔導,257,萬明雨
316569,203,18,11,數學輔導,257,萬明雨
316633,204,48,11,數學輔導,257,萬明雨
317281,220,58,11,數學輔導,257,萬明雨
318777,321,28,11,數學輔導,155,黃靜娟
318985,326,38,11,數學輔導,155,黃靜娟
319041,327,58,11,數學輔導,155,黃靜娟
316153,124,48,11,數學輔導,260,黃信達
318617,317,28,11,數學輔導,260,黃信達
318849,323,18,11,數學輔導,260,黃信達
316033,121,48,11,數學輔導,222,陳淑貞
318897,324,28,11,數學輔導,222,陳淑貞
319049,328,18,11,數學輔導,222,陳淑貞
316097,123,28,11,數學輔導,332,陳世宗
316945,212,38,11,數學輔導,332,陳世宗
317561,227,58,11,數學輔導,332,陳世宗
317753,232,48,11,數學輔導,332,陳世宗
317769,233,18,11,數學輔導,332,陳世宗
316505,201,38,11,數學輔導,170,郭瓊穗
316713,206,48,11,數學輔導,170,郭瓊穗
319249,333,18,11,數學輔導,170,郭瓊穗
315393,105,48,11,數學輔導,258,郭怡君
315425,106,38,11,數學輔導,258,郭怡君
318001,301,58,11,數學輔導,258,郭怡君
318817,322,28,11,數學輔導,258,郭怡君
319089,329,18,11,數學輔導,258,郭怡君
315665,112,38,11,數學輔導,263,許瓊分
316201,125,58,11,數學輔導,263,許瓊分
316417,131,28,11,數學輔導,263,許瓊分
316809,209,18,11,數學輔導,263,許瓊分
317393,223,48,11,數學輔導,263,許瓊分
315233,101,48,11,數學輔導,259,畢玉玲
315457,107,28,11,數學輔導,259,畢玉玲
315521,108,58,11,數學輔導,259,畢玉玲
315905,118,38,11,數學輔導,259,畢玉玲
317609,229,18,11,數學輔導,259,畢玉玲
317137,217,28,11,數學輔導,333,梁伊邡
317201,218,58,11,數學輔導,333,梁伊邡
318649,318,18,11,數學輔導,333,梁伊邡
319233,332,48,11,數學輔導,333,梁伊邡
317953,237,48,11,數學輔導,201,張豊明
318089,304,18,11,數學輔導,201,張豊明
318321,309,58,11,數學輔導,201,張豊明
318945,325,38,11,數學輔導,201,張豊明
315297,103,28,11,數學輔導,352,高櫻仁
316793,208,48,11,數學輔導,352,高櫻仁
318049,303,18,11,數學輔導,352,高櫻仁
318265,308,38,11,數學輔導,352,高櫻仁
319201,331,58,11,數學輔導,352,高櫻仁
315697,113,28,11,數學輔導,214,高子珊
315865,117,38,11,數學輔導,214,高子珊
316393,130,48,11,數學輔導,214,高子珊
317489,226,18,11,數學輔導,112,洪煜喬
315281,102,58,11,數學輔導,256,洪秀芳
316729,207,18,11,數學輔導,256,洪秀芳
317057,215,28,11,數學輔導,256,洪秀芳
317353,222,48,11,數學輔導,256,洪秀芳
317465,225,38,11,數學輔導,256,洪秀芳
318561,315,58,11,數學輔導,144,柳碧琳
318697,319,28,11,數學輔導,144,柳碧琳
318729,320,18,11,數學輔導,144,柳碧琳
318225,307,38,11,數學輔導,136,林欣儀
318441,312,58,11,數學輔導,136,林欣儀
318473,313,48,11,數學輔導,136,林欣儀
318041,302,58,11,數學輔導,163,林佳蓉數
318345,310,38,11,數學輔導,163,林佳蓉數
319289,334,18,11,數學輔導,163,林佳蓉數
317305,221,38,11,數學輔導,185,林文智
318401,311,58,11,數學輔導,185,林文智
319337,335,28,11,數學輔導,185,林文智
315801,115,58,11,數學輔導,216,周勳彬
316265,127,38,11,數學輔導,216,周勳彬
316297,128,28,11,數學輔導,216,周勳彬
316897,211,28,11,數學輔導,175,田德群
318161,305,58,11,數學輔導,175,田德群
318585,316,38,11,數學輔導,175,田德群
315745,114,38,11,數學輔導,215,王苑菘
315961,119,58,11,數學輔導,215,王苑菘
316217,126,28,11,數學輔導,215,王苑菘
316073,122,48,2,導師輔導,223,蘇婉亭
316529,202,18,2,導師輔導,166,蘇育賢
317697,231,28,2,導師輔導,195,魏黛伊
316137,124,28,2,導師輔導,225,顏妤婷
316121,123,58,2,導師輔導,224,鍾曜丞
316425,131,38,2,導師輔導,232,謝耀瑩
316801,208,58,2,導師輔導,172,謝嘉純
316865,210,38,2,導師輔導,174,謝佩珊
316609,204,18,2,導師輔導,168,薛名坊
316001,120,58,2,導師輔導,221,賴馨平
315833,116,48,2,導師輔導,217,賴進興
317641,229,58,2,導師輔導,193,蕭靜芬
316969,213,18,2,導師輔導,177,鄭喬逢
317121,216,58,2,導師輔導,180,鄭家禎
316817,209,28,2,導師輔導,173,鄭川維
317745,232,38,2,導師輔導,196,鄧潔梨
315361,104,58,2,導師輔導,205,蔡鳳女英
315897,118,28,2,導師輔導,219,蔡青芸
317905,236,38,2,導師輔導,200,蔡孟璋
316577,203,28,2,導師輔導,167,蔡孟純
317585,228,38,2,導師輔導,192,蔡孟怡
317513,226,48,2,導師輔導,190,劉慧芬
316961,212,58,2,導師輔導,176,葉芳儀
317881,235,58,2,導師輔導,199,葉乃菁
317841,234,58,2,導師輔導,198,楊曉琪
317345,222,38,2,導師輔導,186,楊淨妃
315313,103,48,2,導師輔導,204,楊迺芳
317401,223,58,2,導師輔導,187,楊明燕
315561,109,58,2,導師輔導,210,楊念湘
317553,227,48,2,導師輔導,191,黃慧綺
317161,217,58,2,導師輔導,181,黃純滿
316313,128,48,2,導師輔導,229,黃建憲
315433,106,48,2,導師輔導,207,黃玫菁
315265,102,38,2,導師輔導,203,黃怡綸
315641,111,58,2,導師輔導,212,黃宗賢
315497,108,28,2,導師輔導,209,黃吉楠
317017,214,28,2,導師輔導,178,曾揚容
317441,224,58,2,導師輔導,188,曾昭賢
317481,225,58,2,導師輔導,189,陳慧娟
317785,233,38,2,導師輔導,197,陳慕凡
315673,112,48,2,導師輔導,213,陳禎芳
316041,121,58,2,導師輔導,222,陳淑貞
317665,230,38,2,導師輔導,194,陳崇蘭
316465,132,38,2,導師輔導,233,陳俊明
316681,205,58,2,導師輔導,169,陳怡雲
316385,130,38,2,導師輔導,231,陳玉聖
316721,206,58,2,導師輔導,170,郭瓊穗
315225,101,38,2,導師輔導,202,郭芷佑
316193,125,48,2,導師輔導,226,許雅婷
317937,237,28,2,導師輔導,201,張豊明
315385,105,38,2,導師輔導,206,高榛澧
315721,113,58,2,導師輔導,214,高子珊
317177,218,28,2,導師輔導,182,留一心
315481,107,58,2,導師輔導,208,紀藶真
317273,220,48,2,導師輔導,184,姜閔菡
316761,207,58,2,導師輔導,171,姜佩君
316273,127,48,2,導師輔導,228,林虹均
315577,110,28,2,導師輔導,211,林承穎
317313,221,48,2,導師輔導,185,林文智
315793,115,48,2,導師輔導,216,周勳彬
316521,201,58,2,導師輔導,165,李昆霖
317081,215,58,2,導師輔導,179,李佩芸
317241,219,58,2,導師輔導,183,何麗香
316233,126,48,2,導師輔導,227,江秀如
316889,211,18,2,導師輔導,175,田德群
315953,119,48,2,導師輔導,220,王意淳
315753,114,48,2,導師輔導,215,王苑菘
316353,129,48,2,導師輔導,230,王秀如
315881,117,58,2,導師輔導,218,方怡文
315224,101,37,19,歷史,277,顏靖娥
315354,104,51,19,歷史,277,顏靖娥
315362,105,11,19,歷史,277,顏靖娥
315404,106,13,19,歷史,277,顏靖娥
315445,107,14,19,歷史,277,顏靖娥
315749,114,44,19,歷史,277,顏靖娥
316012,121,23,19,歷史,277,顏靖娥
316637,204,54,19,歷史,277,顏靖娥
316748,207,43,19,歷史,277,顏靖娥
316840,209,57,19,歷史,277,顏靖娥
317294,221,25,19,歷史,277,顏靖娥
317610,229,21,19,歷史,277,顏靖娥
318112,304,47,19,歷史,277,顏靖娥
318331,310,22,19,歷史,277,顏靖娥
318555,315,52,19,歷史,277,顏靖娥
319238,332,55,19,歷史,277,顏靖娥
319343,335,36,19,歷史,277,顏靖娥
315554,109,51,19,歷史,153,黃子銘
316163,125,12,19,歷史,153,黃子銘
316202,126,11,19,歷史,153,黃子銘
316276,127,53,19,歷史,153,黃子銘
316372,130,23,19,歷史,153,黃子銘
316435,131,52,19,歷史,153,黃子銘
318066,303,41,19,歷史,153,黃子銘
318518,314,55,19,歷史,153,黃子銘
318839,322,56,19,歷史,153,黃子銘
318893,324,24,19,歷史,153,黃子銘
318935,325,26,19,歷史,153,黃子銘
319063,328,36,19,歷史,153,黃子銘
319310,334,45,19,歷史,153,黃子銘
316519,201,56,19,歷史,276,陳瑩如
316535,202,26,19,歷史,276,陳瑩如
316774,208,25,19,歷史,276,陳瑩如
316926,212,15,19,歷史,276,陳瑩如
317116,216,53,19,歷史,276,陳瑩如
317155,217,52,19,歷史,276,陳瑩如
317322,222,11,19,歷史,276,陳瑩如
317688,231,17,19,歷史,276,陳瑩如
317811,234,22,19,歷史,276,陳瑩如
317932,237,23,19,歷史,276,陳瑩如
317998,301,55,19,歷史,276,陳瑩如
318187,306,42,19,歷史,276,陳瑩如
318268,308,43,19,歷史,276,陳瑩如
318394,311,51,19,歷史,276,陳瑩如
318631,317,46,19,歷史,276,陳瑩如
318710,319,45,19,歷史,276,陳瑩如
318970,326,21,19,歷史,276,陳瑩如
319004,327,13,19,歷史,276,陳瑩如
316582,203,35,19,歷史,194,陳崇蘭
316871,210,46,19,歷史,194,陳崇蘭
316915,211,52,19,歷史,194,陳崇蘭
317032,214,47,19,歷史,194,陳崇蘭
317048,215,17,19,歷史,194,陳崇蘭
317202,219,11,19,歷史,194,陳崇蘭
317276,220,53,19,歷史,194,陳崇蘭
317429,224,44,19,歷史,194,陳崇蘭
317507,226,42,19,歷史,194,陳崇蘭
317643,230,12,19,歷史,194,陳崇蘭
317743,232,36,19,歷史,194,陳崇蘭
317786,233,41,19,歷史,194,陳崇蘭
316663,205,36,19,歷史,159,洪千茹
316690,206,21,19,歷史,159,洪千茹
317445,225,14,19,歷史,159,洪千茹
317523,227,12,19,歷史,159,洪千茹
317871,235,46,19,歷史,159,洪千茹
317882,236,11,19,歷史,159,洪千茹
318157,305,54,19,歷史,159,洪千茹
318469,313,44,19,歷史,159,洪千茹
318572,316,23,19,歷史,159,洪千茹
318676,318,53,19,歷史,159,洪千茹
318750,320,45,19,歷史,159,洪千茹
319160,330,57,19,歷史,159,洪千茹
315246,102,15,19,歷史,364,林勝祥
315295,103,26,19,歷史,364,林勝祥
315720,113,57,19,歷史,364,林勝祥
315875,117,52,19,歷史,364,林勝祥
315987,120,42,19,歷史,364,林勝祥
316287,128,16,19,歷史,364,林勝祥
316332,129,23,19,歷史,364,林勝祥
316454,132,25,19,歷史,364,林勝祥
315517,108,54,19,歷史,138,李美誼
315587,110,42,19,歷史,138,李美誼
315610,111,21,19,歷史,138,李美誼
315676,112,53,19,歷史,138,李美誼
315776,115,27,19,歷史,138,李美誼
315807,116,16,19,歷史,138,李美誼
315894,118,25,19,歷史,138,李美誼
315960,119,57,19,歷史,138,李美誼
316079,122,56,19,歷史,138,李美誼
316108,123,43,19,歷史,138,李美誼
316135,124,26,19,歷史,138,李美誼
318310,309,45,19,歷史,138,李美誼
316964,213,13,19,歷史,150,余佳燕
317182,218,35,19,歷史,150,余佳燕
317383,223,36,19,歷史,150,余佳燕
317568,228,17,19,歷史,150,余佳燕
318028,302,43,19,歷史,150,余佳燕
318216,307,27,19,歷史,150,余佳燕
318410,312,21,19,歷史,150,余佳燕
318795,321,52,19,歷史,150,余佳燕
318872,323,47,19,歷史,150,余佳燕
319095,329,26,19,歷史,150,余佳燕
319173,331,24,19,歷史,150,余佳燕
319247,333,16,19,歷史,150,余佳燕
318280,308,57,21,關鍵時事,281,鄭光博
318364,311,13,21,關鍵時事,281,鄭光博
318799,321,56,21,關鍵時事,281,鄭光博
319048,328,17,21,關鍵時事,281,鄭光博
319133,330,24,21,關鍵時事,281,鄭光博
318053,303,24,21,關鍵時事,278,賀欣音
318114,304,51,21,關鍵時事,278,賀欣音
318190,306,45,21,關鍵時事,278,賀欣音
318472,313,47,21,關鍵時事,278,賀欣音
318597,316,54,21,關鍵時事,278,賀欣音
318240,307,57,21,關鍵時事,161,陳威年
318359,310,56,21,關鍵時事,161,陳威年
318408,312,17,21,關鍵時事,161,陳威年
318502,314,35,21,關鍵時事,161,陳威年
319007,327,16,21,關鍵時事,161,陳威年
319228,332,43,21,關鍵時事,161,陳威年
318016,302,27,21,關鍵時事,146,梁景美
318543,315,36,21,關鍵時事,146,梁景美
318614,317,25,21,關鍵時事,146,梁景美
318847,323,16,21,關鍵時事,146,梁景美
319288,334,17,21,關鍵時事,146,梁景美
318154,305,51,21,關鍵時事,279,施錦治
318312,309,47,21,關鍵時事,279,施錦治
318924,325,13,21,關鍵時事,279,施錦治
318984,326,37,21,關鍵時事,279,施錦治
318674,318,51,21,關鍵時事,280,邱楚雯
318688,319,17,21,關鍵時事,280,邱楚雯
318887,324,16,21,關鍵時事,280,邱楚雯
319092,329,23,21,關鍵時事,280,邱楚雯
319336,335,27,21,關鍵時事,280,邱楚雯
317990,301,45,21,關鍵時事,218,方怡文
318734,320,25,21,關鍵時事,218,方怡文
318808,322,17,21,關鍵時事,218,方怡文
319167,331,16,21,關鍵時事,218,方怡文
319272,333,47,21,關鍵時事,218,方怡文
315531,109,22,23,體育,287,蔣菁玉
315560,109,57,23,體育,287,蔣菁玉
315612,111,23,23,體育,287,蔣菁玉
315628,111,43,23,體育,287,蔣菁玉
316602,204,11,23,體育,287,蔣菁玉
316632,204,47,23,體育,287,蔣菁玉
316805,209,14,23,體育,287,蔣菁玉
316824,209,37,23,體育,287,蔣菁玉
317053,215,24,23,體育,287,蔣菁玉
317067,215,42,23,體育,287,蔣菁玉
317462,225,35,23,體育,287,蔣菁玉
317479,225,56,23,體育,287,蔣菁玉
317499,226,32,23,體育,287,蔣菁玉
317517,226,54,23,體育,287,蔣菁玉
317860,235,33,23,體育,287,蔣菁玉
317874,235,51,23,體育,287,蔣菁玉
317884,236,13,23,體育,287,蔣菁玉
317911,236,46,23,體育,287,蔣菁玉
318783,321,36,23,體育,287,蔣菁玉
318796,321,53,23,體育,287,蔣菁玉
316724,207,13,23,體育,117,蔡秀綾
316756,207,53,23,體育,117,蔡秀綾
317243,220,12,23,體育,117,蔡秀綾
317277,220,54,23,體育,117,蔡秀綾
316642,205,11,23,體育,176,葉芳儀
316674,205,51,23,體育,176,葉芳儀
316883,211,12,23,體育,176,葉芳儀
316899,211,32,23,體育,176,葉芳儀
316924,212,13,23,體育,176,葉芳儀
316956,212,53,23,體育,176,葉芳儀
317144,217,37,23,體育,176,葉芳儀
317159,217,56,23,體育,176,葉芳儀
317172,218,23,23,體育,176,葉芳儀
317191,218,46,23,體育,176,葉芳儀
317543,227,36,23,體育,176,葉芳儀
317557,227,54,23,體育,176,葉芳儀
315285,103,14,23,體育,285,楊珮莉
315302,103,35,23,體育,285,楊珮莉
315364,105,13,23,體育,285,楊珮莉
315389,105,44,23,體育,285,楊珮莉
315490,108,21,23,體育,285,楊珮莉
315508,108,43,23,體育,285,楊珮莉
315843,117,12,23,體育,285,楊珮莉
315874,117,51,23,體育,285,楊珮莉
318260,308,33,23,體育,285,楊珮莉
318279,308,56,23,體育,285,楊珮莉
318413,312,24,23,體育,285,楊珮莉
318438,312,55,23,體育,285,楊珮莉
318703,319,36,23,體育,285,楊珮莉
318716,319,53,23,體育,285,楊珮莉
318859,323,32,23,體育,285,楊珮莉
318875,323,52,23,體育,285,楊珮莉
319171,331,22,23,體育,285,楊珮莉
319190,331,45,23,體育,285,楊珮莉
315210,101,21,23,體育,357,黃冠瑋
315238,101,55,23,體育,357,黃冠瑋
315882,118,11,23,體育,357,黃冠瑋
315910,118,45,23,體育,357,黃冠瑋
315931,119,22,23,體育,357,黃冠瑋
315947,119,42,23,體育,357,黃冠瑋
315963,120,12,23,體育,357,黃冠瑋
315986,120,41,23,體育,357,黃冠瑋
316335,129,26,23,體育,357,黃冠瑋
316348,129,43,23,體育,357,黃冠瑋
316525,202,14,23,體育,357,黃冠瑋
316554,202,51,23,體育,357,黃冠瑋
316573,203,24,23,體育,357,黃冠瑋
316595,203,52,23,體育,357,黃冠瑋
317012,214,23,23,體育,357,黃冠瑋
317029,214,44,23,體育,357,黃冠瑋
317694,231,25,23,體育,357,黃冠瑋
317717,231,54,23,體育,357,黃冠瑋
317736,232,27,23,體育,357,黃冠瑋
317756,232,53,23,體育,357,黃冠瑋
316461,132,34,23,體育,288,邱明安
316475,132,52,23,體育,288,邱明安
317090,216,21,23,體育,288,邱明安
317107,216,42,23,體育,288,邱明安
317562,228,11,23,體育,288,邱明安
317596,228,53,23,體育,288,邱明安
318092,304,23,23,體育,288,邱明安
318106,304,41,23,體育,288,邱明安
318124,305,13,23,體育,288,邱明安
318148,305,43,23,體育,288,邱明安
318571,316,22,23,體育,288,邱明安
318592,316,47,23,體育,288,邱明安
318660,318,33,23,體育,288,邱明安
318680,318,57,23,體育,288,邱明安
318944,325,37,23,體育,288,邱明安
318954,325,51,23,體育,288,邱明安
319283,334,12,23,體育,288,邱明安
319319,334,56,23,體育,288,邱明安
317603,229,12,23,體育,111,林豐傑
317639,229,56,23,體育,111,林豐傑
315250,102,21,23,體育,336,林艾倫
315272,102,47,23,體育,336,林艾倫
315342,104,35,23,體育,336,林艾倫
315358,104,55,23,體育,336,林艾倫
315693,113,24,23,體育,336,林艾倫
315719,113,56,23,體育,336,林艾倫
315743,114,36,23,體育,336,林艾倫
315757,114,54,23,體育,336,林艾倫
315762,115,11,23,體育,336,林艾倫
315787,115,42,23,體育,336,林艾倫
315805,116,14,23,體育,336,林艾倫
315828,116,43,23,體育,336,林艾倫
316384,130,37,23,體育,336,林艾倫
316394,130,51,23,體育,336,林艾倫
318181,306,34,23,體育,336,林艾倫
318195,306,52,23,體育,336,林艾倫
318299,309,32,23,體育,336,林艾倫
318320,309,57,23,體育,336,林艾倫
318892,324,23,23,體育,336,林艾倫
318906,324,41,23,體育,336,林艾倫
316772,208,23,23,體育,103,林文彥
316791,208,46,23,體育,103,林文彥
318530,315,21,23,體育,103,林文彥
318548,315,43,23,體育,103,林文彥
315423,106,36,23,體育,337,李昭榮
315434,106,51,23,體育,337,李昭榮
315444,107,13,23,體育,337,李昭榮
315480,107,57,23,體育,337,李昭榮
315565,110,14,23,體育,337,李昭榮
315591,110,46,23,體育,337,李昭榮
315643,112,12,23,體育,337,李昭榮
315666,112,41,23,體育,337,李昭榮
316024,121,37,23,體育,337,李昭榮
316038,121,55,23,體育,337,李昭榮
316412,131,23,23,體育,337,李昭榮
316427,131,42,23,體育,337,李昭榮
316970,213,21,23,體育,337,李昭榮
316992,213,47,23,體育,337,李昭榮
318500,314,33,23,體育,337,李昭榮
318519,314,56,23,體育,337,李昭榮
319013,327,24,23,體育,337,李昭榮
319028,327,43,23,體育,337,李昭榮
319259,333,32,23,體育,337,李昭榮
319275,333,52,23,體育,337,李昭榮
319342,335,35,23,體育,337,李昭榮
319356,335,53,23,體育,337,李昭榮
316491,201,22,23,體育,165,李昆霖
316516,201,53,23,體育,165,李昆霖
318045,303,14,23,體育,165,李昆霖
318070,303,45,23,體育,165,李昆霖
318442,313,11,23,體育,165,李昆霖
318467,313,42,23,體育,165,李昆霖
318603,317,12,23,體育,165,李昆霖
318635,317,52,23,體育,165,李昆霖
318730,320,21,23,體育,165,李昆霖
318746,320,41,23,體育,165,李昆霖
319093,329,24,23,體育,165,李昆霖
319112,329,47,23,體育,165,李昆霖
316845,210,14,23,體育,338,吳語真
316879,210,56,23,體育,338,吳語真
317223,219,36,23,體育,338,吳語真
317238,219,55,23,體育,338,吳語真
317301,221,34,23,體育,338,吳語真
317320,221,57,23,體育,338,吳語真
317339,222,32,23,體育,338,吳語真
317356,222,53,23,體育,338,吳語真
317651,230,22,23,體育,338,吳語真
317671,230,46,23,體育,338,吳語真
317772,233,23,23,體育,338,吳語真
317794,233,51,23,體育,338,吳語真
318324,310,13,23,體育,338,吳語真
318340,310,33,23,體育,338,吳語真
318810,322,21,23,體育,338,吳語真
318827,322,42,23,體育,338,吳語真
319043,328,12,23,體育,338,吳語真
319068,328,43,23,體育,338,吳語真
319144,330,37,23,體育,338,吳語真
319155,330,52,23,體育,338,吳語真
316682,206,11,23,體育,286,王峋華
316717,206,54,23,體育,286,王峋華
317363,223,12,23,體育,286,王峋華
317382,223,35,23,體育,286,王峋華
317419,224,32,23,體育,286,王峋華
317435,224,52,23,體育,286,王峋華
317821,234,34,23,體育,286,王峋華
317834,234,51,23,體育,286,王峋華
317940,237,33,23,體育,286,王峋華
317956,237,53,23,體育,286,王峋華
316045,122,14,23,體育,358,王怡仁
316063,122,36,23,體育,358,王怡仁
316093,123,24,23,體育,358,王怡仁
316119,123,56,23,體育,358,王怡仁
316122,124,11,23,體育,358,王怡仁
316142,124,35,23,體育,358,王怡仁
316184,125,37,23,體育,358,王怡仁
316194,125,51,23,體育,358,王怡仁
316212,126,23,23,體育,358,王怡仁
316236,126,53,23,體育,358,王怡仁
316254,127,25,23,體育,358,王怡仁
316280,127,57,23,體育,358,王怡仁
316300,128,33,23,體育,358,王怡仁
316315,128,52,23,體育,358,王怡仁
317975,301,26,23,體育,358,王怡仁
317986,301,41,23,體育,358,王怡仁
318021,302,34,23,體育,358,王怡仁
318038,302,55,23,體育,358,王怡仁
318211,307,22,23,體育,358,王怡仁
318227,307,42,23,體育,358,王怡仁
318370,311,21,23,體育,358,王怡仁
318379,311,32,23,體育,358,王怡仁
318964,326,13,23,體育,358,王怡仁
318991,326,46,23,體育,358,王怡仁
319216,332,27,23,體育,358,王怡仁
319232,332,47,23,體育,358,王怡仁